18571,-20.04,-4.13,38.92,25.56,26.98,-11.39,34.40,25.37,48.57,0.37,-27.48,25.15,0.02,4.05,41.40,25.47,-26.15,-35.22,-44.46,25.38,18571325,18572154,18572155,18572880,18572881,18573606,18573607,18574338,18574338,18575067,830,726,726,731,3013
18787,-20.26,-4.27,38.85,25.55,26.73,-11.44,35.21,25.37,48.51,0.25,-27.94,25.14,0.08,3.77,40.78,25.48,-26.29,-35.48,-44.47,25.40,18787325,18788157,18788157,18788882,18788882,18789608,18789608,18790339,18790340,18791067,832,725,726,732,3015
19003,-20.16,-4.25,38.77,25.55,26.94,-11.47,34.80,25.37,48.64,0.34,-27.08,25.12,0.27,3.62,40.95,25.47,-26.24,-35.25,-44.78,25.40,19003325,19004154,19004155,19004880,19004880,19005605,19005606,19006337,19006337,19007065,830,725,726,731,3012
19219,-20.07,-4.19,38.67,25.54,26.84,-11.30,34.39,25.37,48.49,0.12,-27.71,25.12,0.37,4.13,41.02,25.46,-26.09,-35.41,-44.54,25.38,19219325,19220157,19220157,19220883,19220884,19221609,19221609,19222339,19222340,19223067,832,727,725,731,3015
19435,-20.15,-4.41,38.55,25.54,26.87,-11.76,34.89,25.38,48.37,0.31,-27.98,25.13,0.11,3.87,41.09,25.47,-26.19,-35.43,-44.59,25.39,19435325,19436154,19436155,19436880,19436880,19437605,19437606,19438338,19438339,19439067,830,725,726,733,3014
19651,-20.09,-4.21,38.26,25.55,26.93,-11.73,34.27,25.37,48.56,0.07,-27.38,25.14,0.26,3.96,41.46,25.48,-26.20,-35.45,-45.05,25.38,19651325,19652157,19652157,19652882,19652882,19653608,19653608,19654340,19654340,19655067,832,725,726,732,3015
19867,-20.27,-4.36,38.32,25.56,27.09,-11.79,34.56,25.37,48.23,0.43,-27.37,25.14,0.15,3.86,40.60,25.46,-26.23,-35.66,-44.94,25.38,19867325,19868154,19868155,19868880,19868880,19869605,19869606,19870337,19870337,19871066,830,725,726,731,3012
20083,-20.14,-4.32,38.81,25.56,26.86,-11.41,34.73,25.36,48.45,0.42,-27.81,25.12,0.32,3.77,40.88,25.46,-26.11,-35.56,-44.74,25.39,20083325,20084157,20084157,20084883,20084883,20085609,20085609,20086340,20086341,20087067,832,726,726,732,3016
20299,-20.08,-4.15,39.05,25.54,26.83,-11.32,34.35,25.37,48.42,0.04,-28.16,25.14,0.18,3.93,41.22,25.48,-25.98,-35.49,-44.66,25.38,20299325,20300154,20300155,20300880,20300880,20301605,20301606,20302337,20302337,20303065,830,725,726,731,3012
20515,-20.06,-4.38,38.89,25.54,26.87,-11.55,34.44,25.37,48.50,0.28,-27.59,25.14,0.09,3.76,40.98,25.48,-25.87,-35.38,-44.39,25.39,20515325,20516157,20516157,20516883,20516884,20517609,20517609,20518339,20518340,20519067,832,727,725,731,3015
20731,-20.25,-4.48,38.96,25.55,26.69,-11.50,34.93,25.36,48.45,0.21,-27.48,25.14,0.29,3.80,41.18,25.47,-25.86,-35.61,-44.39,25.39,20731325,20732154,20732155,20732880,20732880,20733605,20733605,20734337,20734337,20735065,830,725,725,732,3012
20947,-19.84,-4.08,38.41,25.56,26.76,-11.50,34.91,25.37,48.81,0.40,-28.08,25.14,0.20,3.90,41.33,25.47,-25.96,-35.53,-44.71,25.40,20947325,20948157,20948157,20948883,20948884,20949609,20949610,20950340,20950341,20951067,832,727,726,731,3016
21163,-19.89,-4.21,38.48,25.55,26.69,-11.52,34.77,25.37,48.46,0.33,-27.89,25.13,0.05,4.00,41.02,25.48,-26.03,-35.53,-44.82,25.39,21163325,21164154,21164155,21164880,21164881,21165606,21165607,21166337,21166338,21167066,830,726,726,731,3013
21379,-20.07,-4.40,38.55,25.54,26.80,-11.62,34.30,25.37,48.50,0.23,-27.93,25.14,0.06,3.92,41.26,25.47,-25.94,-35.44,-44.31,25.40,21379325,21380157,21380157,21380883,21380884,21381609,21381610,21382341,21382341,21383067,832,727,726,731,3016
21595,-20.03,-4.31,39.28,25.55,26.86,-11.43,34.37,25.37,48.84,0.20,-27.91,25.14,0.06,4.07,41.16,25.48,-26.02,-35.56,-44.97,25.40,21595325,21596154,21596155,21596880,21596880,21597606,21597606,21598337,21598338,21599066,830,725,726,732,3013
21811,-20.22,-4.33,38.61,25.53,26.86,-11.57,34.47,25.37,48.72,0.26,-27.67,25.14,0.17,4.17,40.95,25.48,-25.78,-35.67,-44.55,25.38,21811325,21812157,21812157,21812882,21812882,21813607,21813608,21814339,21814339,21815067,832,725,726,731,3014
22027,-20.26,-4.42,38.46,25.54,26.61,-11.64,34.57,25.37,48.43,0.42,-27.95,25.15,0.02,3.89,40.96,25.47,-25.66,-35.61,-44.71,25.39,22027325,22028154,22028155,22028880,22028880,22029605,22029606,22030338,22030339,22031067,830,725,726,733,3014
22243,-19.72,-3.36,38.16,25.56,26.83,-11.29,34.82,25.37,48.57,0.07,-27.89,25.14,0.20,3.97,41.30,25.47,-25.96,-35.22,-45.02,25.40,22243325,22244157,22244157,22244883,22244883,22245608,22245609,22246340,22246340,22247067,832,726,726,731,3015
22459,-19.61,-0.85,38.65,25.55,26.78,-11.12,34.37,25.37,48.80,0.22,-27.63,25.14,0.20,3.95,40.89,25.48,-26.04,-35.54,-44.39,25.40,22459325,22460154,22460155,22460880,22460881,22461606,22461607,22462337,22462338,22463066,830,726,726,731,3013
22675,-19.46,-0.77,38.72,25.56,26.85,-11.31,34.65,25.37,48.70,0.44,-27.45,25.13,0.43,4.00,41.39,25.47,-26.10,-35.38,-44.82,25.40,22675325,22676157,22676157,22676883,22676883,22677608,22677608,22678339,22678339,22679067,832,726,725,731,3014
ets Jul 29 2019 12:21:46
rst:0x1 (POWERON_RESET),boot:0x13 (SPI_FAST_FLASH_BOOT)
configsip: 0, SPIWP:0xee
clk_drv:0x00,q_drv:0x00,d_drv:0x00,cs0_drv:0x00,hd_drv:0x00,wp_drv:0x00
mode:DIO, clock div:2
load:0x3fff0030,len:1184
load:0x40078000,len:13232
load:0x40080400,len:3028
entry 0x400805e4
Timestamp(ms),S0_X,S0_Y,S0_Z,S0_T,S1_X,S1_Y,S1_Z,S1_T,S2_X,S2_Y,S2_Z,S2_T,S3_X,S3_Y,S3_Z,S3_T,S4_X,S4_Y,S4_Z,S4_T,tS0_start,tS0_end,tS1_start,tS1_end,tS2_start,tS2_end,tS3_start,tS3_end,tS4_start,tS4_end,Δ01,Δ12,Δ23,Δ34,Δ04_total
1291,-30.26,-10.05,45.03,25.57,26.95,-11.11,34.00,25.37,48.97,0.26,-27.04,25.15,0.01,3.99,41.32,25.46,-25.87,-35.20,-44.71,25.40,1291338,1292203,1292207,1292941,1292941,1293669,1293670,1294394,1294395,1295120,869,734,729,725,3057
1507,-30.15,-9.99,45.22,25.57,26.78,-11.12,34.29,25.38,48.92,0.48,-27.45,25.13,0.10,3.93,41.60,25.46,-26.09,-35.33,-44.99,25.41,1507338,1508175,1508176,1508901,1508901,1509627,1509627,1510366,1510366,1511089,838,725,726,739,3028
1723,-30.08,-9.99,45.65,25.58,26.80,-10.98,34.32,25.37,48.88,0.35,-27.88,25.14,0.24,3.98,41.38,25.47,-25.89,-35.23,-45.14,25.40,1723322,1724152,1724153,1724877,1724878,1725603,1725604,1726335,1726335,1727063,831,725,726,731,3013
1939,-30.18,-10.15,45.22,25.56,26.84,-11.10,33.81,25.37,48.55,0.38,-28.08,25.14,0.18,3.94,41.28,25.47,-26.01,-35.42,-45.11,25.38,1939322,1940155,1940156,1940881,1940881,1941607,1941607,1942339,1942339,1943065,834,725,726,732,3017
2155,-30.25,-10.11,45.57,25.56,26.80,-11.06,34.10,25.36,48.39,0.61,-27.32,25.14,0.15,3.98,41.08,25.47,-26.25,-35.20,-44.54,25.39,2155322,2156152,2156153,2156878,2156878,2157603,2157604,2158335,2158335,2159063,831,725,726,731,3013
2371,-30.23,-9.94,45.77,25.56,26.93,-11.19,33.87,25.37,48.75,0.41,-27.74,25.14,0.17,3.81,40.66,25.47,-26.10,-35.44,-45.62,25.40,2371322,2372155,2372156,2372881,2372881,2373607,2373607,2374339,2374339,2375065,834,725,726,732,3017
2587,-30.34,-9.99,45.65,25.56,26.92,-11.14,34.91,25.36,48.53,0.47,-27.58,25.15,0.10,4.12,40.83,25.47,-26.09,-35.22,-44.89,25.38,2587322,2588152,2588153,2588878,2588878,2589604,2589604,2590335,2590335,2591064,831,725,726,731,3013
2803,-30.14,-9.97,45.89,25.58,26.68,-11.11,34.34,25.37,48.74,0.26,-27.97,25.14,-0.00,3.86,40.90,25.48,-26.05,-35.39,-44.73,25.39,2803322,2804155,2804156,2804881,2804882,2805607,2805608,2806339,2806339,2807065,834,726,726,731,3017
3019,-30.21,-10.05,45.94,25.55,26.56,-11.07,33.79,25.38,48.48,0.26,-28.06,25.14,-0.02,3.79,41.31,25.48,-25.95,-35.43,-44.60,25.39,3019322,3020152,3020152,3020878,3020879,3021604,3021604,3022335,3022336,3023063,830,727,725,732,3014
3235,-30.39,-10.03,46.50,25.55,26.74,-11.12,34.72,25.38,48.53,0.47,-27.71,25.14,-0.17,3.72,41.65,25.47,-25.87,-35.38,-45.19,25.41,3235322,3236155,3236156,3236881,3236881,3237607,3237607,3238338,3238338,3239065,834,725,726,731,3016
3451,-30.24,-9.99,46.15,25.56,26.69,-11.26,33.76,25.38,48.61,0.23,-27.41,25.13,-0.23,3.82,41.03,25.46,-25.96,-35.37,-45.17,25.40,3451322,3452152,3452153,3452878,3452879,3453604,3453605,3454335,3454336,3455064,831,726,726,731,3014
3667,-30.35,-10.16,46.09,25.55,26.76,-11.05,34.59,25.37,48.55,0.20,-27.74,25.14,-0.01,3.67,40.95,25.46,-25.67,-35.35,-45.24,25.39,3667322,3668155,3668156,3668881,3668881,3669607,3669607,3670339,3670339,3671065,834,725,726,732,3017
3883,-30.20,-10.01,46.13,25.56,26.64,-11.21,33.99,25.38,48.70,0.10,-27.54,25.14,0.20,3.63,40.79,25.48,-25.82,-35.54,-45.34,25.40,3883322,3884152,3884153,3884878,3884879,3885604,3885605,3886336,3886336,3887065,831,726,726,731,3014
4099,-30.22,-10.17,45.91,25.55,26.57,-11.23,34.76,25.39,48.56,0.06,-27.94,25.15,0.15,3.85,40.47,25.45,-26.21,-35.27,-45.12,25.39,4099322,4100155,4100156,4100881,4100882,4101607,4101608,4102339,4102339,4103065,834,726,726,731,3017
4315,-30.02,-10.19,45.94,25.56,26.61,-11.05,34.57,25.37,48.64,-0.02,-27.86,25.16,-0.17,3.98,41.07,25.47,-26.03,-35.58,-44.97,25.40,4315322,4316152,4316153,4316878,4316879,4317604,4317604,4318335,4318336,4319063,831,726,725,732,3014
4531,-30.05,-10.01,46.08,25.57,26.66,-11.24,34.02,25.37,48.65,0.17,-27.45,25.14,-0.08,3.76,40.80,25.46,-25.80,-35.29,-45.03,25.39,4531322,4532155,4532156,4532881,4532882,4533607,4533608,4534339,4534339,4535065,834,726,726,731,3017
4747,-29.99,-10.07,45.99,25.56,26.73,-11.34,34.30,25.37,48.46,0.14,-27.26,25.13,0.08,3.80,41.27,25.46,-25.86,-35.26,-44.81,25.39,4747322,4748152,4748153,4748878,4748878,4749604,4749604,4750335,4750336,4751064,831,725,726,732,3014
4963,-30.14,-10.07,45.77,25.57,26.89,-11.44,34.66,25.37,48.54,0.20,-27.44,25.13,-0.03,3.77,41.21,25.48,-26.08,-35.20,-45.46,25.40,4963322,4964155,4964156,4964881,4964881,4965607,4965607,4966338,4966339,4967065,834,725,726,732,3017
5179,-30.23,-10.04,46.12,25.55,26.81,-11.22,34.42,25.39,48.56,0.24,-27.52,25.14,0.21,3.86,40.80,25.46,-26.12,-35.43,-45.05,25.39,5179322,5180152,5180153,5180878,5180878,5181603,5181604,5182335,5182335,5183063,831,725,726,731,3013
5395,-30.11,-10.01,46.16,25.57,26.80,-11.23,34.03,25.38,48.43,0.38,-27.69,25.13,0.05,3.91,40.96,25.46,-25.87,-35.37,-44.97,25.40,5395322,5396155,5396156,5396881,5396882,5397607,5397608,5398339,5398339,5399065,834,726,726,731,3017
5611,-30.17,-10.03,45.94,25.56,26.76,-11.40,33.98,25.38,48.49,0.42,-27.71,25.13,-0.05,3.88,40.91,25.47,-26.04,-35.29,-44.78,25.39,5611322,5612152,5612153,5612878,5612879,5613604,5613604,5614335,5614336,5615063,831,726,725,732,3014
5827,-30.28,-9.93,46.10,25.56,26.78,-11.27,34.73,25.38,48.41,0.26,-27.52,25.14,0.11,3.75,40.95,25.46,-25.89,-35.19,-44.79,25.39,5827322,5828155,5828156,5828881,5828882,5829607,5829608,5830339,5830339,5831065,834,726,726,731,3017
6043,-30.20,-9.89,45.96,25.56,26.55,-11.19,34.05,25.38,48.44,0.30,-27.58,25.13,0.01,3.75,40.54,25.48,-26.11,-35.12,-45.08,25.39,6043322,6044152,6044153,6044878,6044879,6045604,6045604,6046335,6046336,6047064,831,726,725,732,3014
6259,-30.12,-10.29,45.85,25.57,26.68,-11.36,34.10,25.39,48.74,0.28,-27.26,25.13,-0.03,3.79,40.67,25.47,-25.96,-35.16,-44.93,25.40,6259322,6260159,6260160,6260885,6260886,6261611,6261611,6262343,6262343,6263069,838,726,725,732,3021
6475,-30.24,-10.03,45.83,25.55,26.91,-11.28,34.09,25.38,48.56,0.46,-27.67,25.12,0.05,3.90,40.29,25.47,-26.02,-35.17,-45.09,25.39,6475322,6476152,6476153,6476878,6476879,6477604,6477605,6478335,6478336,6479063,831,726,726,731,3014
6691,-30.34,-10.08,45.99,25.56,26.77,-11.12,33.97,25.39,48.31,0.16,-27.95,25.13,-0.12,3.61,40.33,25.47,-26.02,-35.21,-44.66,25.39,6691322,6692155,6692156,6692881,6692881,6693607,6693607,6694337,6694338,6695065,834,725,726,731,3016
6907,-30.07,-10.02,46.17,25.58,26.99,-11.17,34.05,25.37,48.52,0.32,-27.52,25.13,0.06,4.08,41.05,25.47,-25.80,-35.36,-44.92,25.38,6907322,6908152,6908153,6908878,6908879,6909604,6909605,6910336,6910336,6911063,831,726,726,731,3014
7123,-30.23,-9.91,46.54,25.58,26.58,-10.99,34.60,25.36,48.60,0.34,-27.48,25.14,-0.05,4.02,40.19,25.47,-26.10,-35.34,-44.64,25.39,7123322,7124155,7124156,7124881,7124881,7125606,7125607,7126338,7126338,7127065,834,725,726,731,3016
7339,-30.57,-10.07,46.42,25.57,27.02,-11.14,34.17,25.37,48.65,0.23,-27.60,25.14,-0.06,3.95,40.27,25.47,-25.87,-35.11,-45.10,25.39,7339322,7340152,7340153,7340877,7340878,7341603,7341604,7342335,7342335,7343063,831,725,726,731,3013
7555,-30.44,-9.95,46.52,25.57,26.92,-11.22,34.32,25.38,48.62,0.32,-26.98,25.14,0.05,4.04,40.79,25.47,-26.00,-35.28,-45.02,25.40,7555322,7556155,7556156,7556881,7556881,7557606,7557607,7558338,7558338,7559065,834,725,726,731,3016
7771,-30.62,-10.07,46.27,25.57,26.99,-11.08,34.33,25.38,48.55,0.20,-27.40,25.13,-0.07,3.87,41.06,25.46,-25.96,-35.17,-44.54,25.38,7771322,7772152,7772153,7772878,7772878,7773603,7773604,7774335,7774335,7775064,831,725,726,731,3013
7987,-30.29,-10.16,46.24,25.57,26.89,-10.95,34.34,25.38,48.59,0.27,-27.49,25.14,-0.14,4.16,40.65,25.47,-25.93,-35.07,-44.44,25.39,7987322,7988155,7988156,7988881,7988881,7989607,7989607,7990338,7990338,7991065,834,725,726,731,3016
8203,-30.39,-10.07,46.62,25.57,26.93,-11.31,34.22,25.37,48.73,0.23,-27.41,25.13,-0.19,4.00,40.26,25.46,-26.11,-35.04,-45.16,25.39,8203322,8204152,8204153,8204878,8204878,8205604,8205604,8206335,8206336,8207064,831,725,726,732,3014
8419,-30.24,-10.03,46.53,25.58,26.95,-11.01,34.50,25.38,48.63,0.29,-28.13,25.13,-0.03,3.84,40.70,25.47,-25.95,-35.23,-45.09,25.39,8419322,8420155,8420156,8420881,8420882,8421607,8421608,8422339,8422339,8423065,834,726,726,731,3017
8635,-30.23,-10.14,45.88,25.56,26.83,-11.09,34.26,25.37,48.77,0.11,-27.77,25.14,0.24,3.69,40.67,25.47,-26.08,-35.17,-45.12,25.39,8635322,8636152,8636153,8636878,8636879,8637604,8637605,8638336,8638336,8639064,831,726,726,731,3014
8851,-30.15,-10.04,46.07,25.57,26.78,-11.11,34.12,25.39,48.71,0.28,-27.67,25.14,0.03,3.82,40.65,25.47,-26.01,-35.14,-44.49,25.39,8851322,8852155,8852156,8852881,8852881,8853606,8853607,8854337,8854338,8855065,834,725,726,731,3016
9067,-30.36,-10.13,46.21,25.54,26.73,-10.98,35.05,25.38,48.46,-0.03,-27.85,25.13,0.11,4.07,40.69,25.47,-25.95,-35.27,-44.79,25.41,9067322,9068152,9068153,9068878,9068878,9069604,9069604,9070336,9070336,9071064,831,725,726,732,3014
9283,-30.10,-10.04,46.57,25.55,26.71,-11.19,34.95,25.38,48.52,-0.01,-27.48,25.13,0.18,3.90,41.25,25.48,-26.02,-35.37,-44.94,25.39,9283322,9284155,9284156,9284881,9284881,9285607,9285607,9286337,9286338,9287065,834,725,726,731,3016
9499,-30.31,-10.44,45.43,25.55,26.67,-10.98,34.31,25.39,48.52,0.25,-27.49,25.13,0.18,4.13,40.97,25.47,-26.03,-35.35,-44.86,25.40,9499322,9500152,9500153,9500878,9500879,9501604,9501605,9502336,9502336,9503064,831,726,726,731,3014
9715,-30.26,-10.01,46.07,25.57,26.67,-10.97,34.29,25.38,48.29,0.19,-27.65,25.14,0.13,3.87,41.17,25.48,-25.87,-35.26,-45.05,25.39,9715322,9716155,9716156,9716881,9716881,9717605,9717606,9718337,9718337,9719065,834,725,725,731,3015
9931,-30.22,-10.26,45.96,25.55,26.67,-11.06,34.82,25.39,48.61,0.43,-27.12,25.13,0.04,3.86,40.77,25.47,-25.80,-35.19,-44.71,25.39,9931322,9932152,9932153,9932878,9932879,9933604,9933605,9934336,9934336,9935064,831,726,726,731,3014
10147,-30.31,-10.29,44.99,25.56,26.69,-11.25,34.35,25.36,48.76,0.17,-27.41,25.13,0.06,3.94,40.42,25.46,-26.03,-35.10,-45.02,25.38,10147322,10148155,10148156,10148881,10148881,10149606,10149607,10150338,10150338,10151065,834,725,726,731,3016
10363,-30.40,-10.41,45.53,25.54,26.87,-11.02,34.80,25.37,48.72,0.12,-27.60,25.14,0.29,3.96,41.09,25.46,-25.83,-35.22,-44.96,25.39,10363322,10364152,10364153,10364878,10364878,10365603,10365604,10366335,10366335,10367063,831,725,726,731,3013
10579,-30.29,-10.10,45.11,25.55,26.84,-11.15,34.42,25.36,48.83,0.02,-27.22,25.14,0.28,3.75,40.98,25.47,-25.94,-35.34,-45.05,25.40,10579322,10580155,10580156,10580881,10580882,10581607,10581608,10582339,10582339,10583065,834,726,726,731,3017
10795,-30.29,-10.31,45.38,25.55,26.63,-10.92,34.63,25.37,48.73,0.31,-27.44,25.14,0.30,3.93,40.45,25.46,-25.84,-35.46,-44.93,25.40,10795322,10796152,10796153,10796878,10796878,10797603,10797604,10798335,10798335,10799063,831,725,726,731,3013
11011,-30.16,-10.23,45.44,25.57,26.69,-11.33,34.28,25.37,48.77,0.48,-27.54,25.14,0.31,3.78,40.27,25.47,-25.98,-35.22,-44.63,25.39,11011322,11012155,11012156,11012881,11012881,11013607,11013607,11014337,11014338,11015065,834,725,726,731,3016
11227,-30.19,-10.02,45.57,25.57,26.71,-11.23,34.22,25.37,48.64,0.40,-27.86,25.14,-0.00,3.97,40.60,25.47,-25.88,-35.40,-44.86,25.37,11227322,11228152,11228153,11228878,11228879,11229604,11229605,11230336,11230336,11231064,831,726,726,731,3014
11443,-30.14,-10.16,45.89,25.56,26.79,-11.20,33.81,25.37,48.73,0.31,-27.63,25.14,0.28,3.99,40.97,25.47,-25.81,-35.32,-44.57,25.39,11443322,11444159,11444160,11444885,11444885,11445611,11445611,11446343,11446343,11447069,838,725,726,732,3021
11659,-29.99,-10.21,45.88,25.58,26.54,-10.71,34.48,25.37,48.65,0.31,-27.62,25.13,0.36,4.08,41.01,25.46,-25.90,-35.21,-45.34,25.39,11659322,11660152,11660153,11660878,11660879,11661604,11661605,11662335,11662336,11663064,831,726,726,731,3014
11875,-30.18,-10.12,45.66,25.56,26.63,-11.24,33.57,25.37,48.57,0.25,-27.24,25.14,0.13,4.00,41.03,25.46,-26.00,-35.40,-44.91,25.39,11875322,11876155,11876156,11876881,11876881,11877607,11877607,11878338,11878339,11879065,834,725,726,732,3017
12091,-30.22,-10.12,46.49,25.57,26.62,-11.03,34.09,25.38,48.45,0.31,-27.39,25.15,0.18,3.90,41.21,25.46,-25.52,-35.12,-44.50,25.41,12091322,12092152,12092153,12092878,12092878,12093603,12093604,12094335,12094335,12095063,831,725,726,731,3013
12307,-30.23,-10.00,45.84,25.57,26.53,-11.22,33.70,25.38,48.42,0.24,-27.36,25.13,-0.09,3.99,41.24,25.46,-25.65,-35.30,-44.20,25.39,12307322,12308155,12308156,12308881,12308881,12309607,12309607,12310337,12310338,12311065,834,725,726,731,3016
12523,-30.05,-10.00,45.16,25.56,26.60,-11.07,33.63,25.38,48.65,0.05,-27.44,25.15,-0.11,3.90,41.25,25.47,-25.78,-35.32,-45.00,25.39,12523322,12524152,12524153,12524878,12524879,12525604,12525604,12526335,12526336,12527063,831,726,725,732,3014
12739,-30.03,-10.22,46.52,25.57,26.78,-11.20,34.35,25.38,48.53,0.25,-27.49,25.14,-0.09,3.92,41.19,25.46,-25.91,-35.39,-44.99,25.39,12739322,12740155,12740156,12740881,12740881,12741606,12741606,12742337,12742337,12743065,834,725,725,731,3015
12955,-30.20,-10.09,46.50,25.57,26.82,-11.11,34.32,25.38,48.52,0.32,-27.30,25.15,-0.01,3.75,41.39,25.47,-25.72,-35.17,-44.58,25.41,12955322,12956152,12956153,12956878,12956878,12957603,12957604,12958335,12958335,12959064,831,725,726,731,3013
13171,-30.14,-10.15,45.74,25.57,26.54,-10.93,34.16,25.38,48.48,0.40,-27.19,25.14,0.31,3.83,40.76,25.47,-25.92,-35.36,-44.83,25.40,13171322,13172155,13172156,13172881,13172881,13173606,13173607,13174337,13174338,13175065,834,725,726,731,3016
13387,-30.40,-10.30,45.94,25.57,26.61,-11.11,33.92,25.38,48.55,0.21,-27.42,25.12,0.06,4.12,40.64,25.46,-25.81,-35.31,-44.58,25.39,13387322,13388152,13388153,13388878,13388879,13389604,13389605,13390335,13390336,13391063,831,726,726,731,3014
13603,-30.14,-10.33,45.74,25.57,26.57,-11.12,34.28,25.37,48.47,0.40,-27.01,25.13,0.21,4.13,41.07,25.47,-25.81,-35.26,-44.63,25.38,13603322,13604155,13604156,13604881,13604881,13605607,13605607,13606338,13606339,13607065,834,725,726,732,3017
13819,-30.32,-9.98,46.02,25.56,26.61,-11.02,33.86,25.38,48.66,0.27,-28.03,25.15,0.05,4.03,40.73,25.46,-25.78,-35.23,-44.90,25.39,13819322,13820152,13820153,13820878,13820879,13821604,13821605,13822336,13822336,13823064,831,726,726,731,3014
14035,-30.42,-10.19,45.73,25.57,26.63,-11.13,33.39,25.38,48.70,0.37,-27.23,25.12,0.22,3.83,40.81,25.47,-25.96,-35.28,-44.33,25.39,14035322,14036155,14036156,14036881,14036882,14037607,14037608,14038339,14038339,14039065,834,726,726,731,3017
14251,-30.36,-9.95,45.60,25.56,26.75,-11.08,34.87,25.37,48.81,0.18,-27.72,25.14,0.03,4.00,41.05,25.47,-26.07,-35.28,-44.65,25.40,14251322,14252152,14252153,14252878,14252878,14253603,14253603,14254336,14254336,14255064,831,725,725,733,3014
14467,-30.19,-10.22,45.41,25.56,26.71,-11.34,34.29,25.38,48.71,0.36,-27.83,25.15,0.17,4.06,40.40,25.47,-26.06,-35.28,-44.70,25.39,14467322,14468155,14468156,14468881,14468881,14469607,14469607,14470339,14470339,14471065,834,725,726,732,3017
14683,-30.47,-9.97,45.72,25.55,26.72,-11.12,34.77,25.37,48.67,0.25,-27.93,25.14,-0.11,3.69,40.11,25.47,-25.87,-35.36,-44.74,25.40,14683322,14684152,14684153,14684878,14684878,14685603,14685604,14686335,14686335,14687064,831,725,726,731,3013
14899,-30.50,-9.89,46.01,25.56,26.64,-11.16,34.67,25.37,48.71,0.15,-27.91,25.14,0.30,4.05,40.90,25.48,-25.79,-35.34,-44.44,25.39,14899322,14900155,14900156,14900881,14900881,14901607,14901607,14902338,14902339,14903065,834,725,726,732,3017
15115,-30.45,-9.95,46.11,25.56,26.89,-11.25,34.36,25.38,48.73,0.17,-27.23,25.14,0.19,4.06,41.56,25.48,-25.77,-35.21,-44.51,25.39,15115322,15116152,15116153,15116878,15116878,15117604,15117604,15118336,15118336,15119064,831,725,726,732,3014
15331,-30.49,-10.06,46.18,25.56,26.75,-11.12,34.50,25.37,48.63,0.20,-27.55,25.14,0.22,3.77,41.22,25.46,-25.84,-35.54,-44.15,25.39,15331322,15332155,15332156,15332881,15332881,15333607,15333607,15334338,15334339,15335065,834,725,726,732,3017
15547,-30.47,-10.14,46.04,25.55,26.78,-11.38,35.11,25.38,48.66,0.10,-27.45,25.13,0.11,3.85,40.85,25.48,-25.80,-35.51,-43.86,25.41,15547322,15548152,15548153,15548878,15548878,15549603,15549604,15550335,15550335,15551063,831,725,726,731,3013
15763,-30.52,-10.27,46.64,25.55,26.94,-11.27,34.52,25.38,48.52,0.38,-27.31,25.15,0.48,3.70,41.09,25.48,-25.80,-35.23,-44.15,25.39,15763322,15764155,15764156,15764881,15764881,15765607,15765608,15766339,15766339,15767065,834,725,727,731,3017
15979,-30.38,-9.96,46.36,25.57,26.87,-11.30,34.59,25.39,48.73,0.12,-27.43,25.14,0.18,3.73,41.21,25.47,-25.71,-35.26,-44.84,25.39,15979322,15980152,15980153,15980878,15980879,15981604,15981605,15982335,15982336,15983064,831,726,726,731,3014
16195,-30.45,-9.92,46.65,25.56,26.71,-11.08,34.34,25.38,48.47,0.16,-27.16,25.15,-0.04,3.90,41.09,25.47,-25.67,-35.31,-44.84,25.39,16195322,16196155,16196156,16196881,16196881,16197607,16197607,16198338,16198339,16199065,834,725,726,732,3017
16411,-30.23,-10.04,46.84,25.57,26.56,-11.09,34.37,25.38,48.61,0.41,-27.59,25.14,0.31,3.99,41.34,25.47,-26.08,-35.16,-44.72,25.39,16411322,16412152,16412153,16412878,16412879,16413604,16413605,16414335,16414336,16415064,831,726,726,731,3014
16627,-30.48,-9.99,45.78,25.55,26.88,-11.31,34.35,25.37,48.70,0.37,-27.85,25.14,0.09,3.98,40.46,25.47,-26.02,-35.24,-45.14,25.39,16627322,16628155,16628156,16628881,16628882,16629607,16629607,16630338,16630338,16631065,834,726,725,731,3016
16843,-30.14,-10.07,45.80,25.55,26.80,-11.32,34.24,25.36,48.80,0.07,-27.86,25.15,0.27,3.91,40.73,25.47,-25.77,-35.14,-44.26,25.39,16843322,16844152,16844153,16844878,16844878,16845603,16845604,16846335,16846335,16847063,831,725,726,731,3013
17059,-29.94,-9.98,46.16,25.55,26.86,-11.14,34.38,25.38,48.93,0.25,-27.95,25.16,0.38,3.84,41.60,25.47,-25.94,-35.30,-44.39,25.39,17059322,17060155,17060156,17060881,17060881,17061607,17061607,17062337,17062338,17063065,834,725,726,731,3016
17275,-29.96,-10.13,45.61,25.55,26.77,-11.20,34.63,25.38,48.68,0.06,-27.57,25.14,-0.03,3.90,40.86,25.47,-25.90,-35.18,-43.86,25.39,17275322,17276152,17276153,17276878,17276879,17277604,17277605,17278335,17278336,17279064,831,726,726,731,3014
17491,-30.06,-9.97,46.23,25.56,26.77,-11.48,34.63,25.39,48.96,0.27,-26.87,25.15,0.24,4.02,40.65,25.47,-25.89,-35.11,-44.29,25.40,17491322,17492155,17492156,17492881,17492881,17493606,17493607,17494338,17494338,17495065,834,725,726,731,3016
17707,-30.25,-10.05,45.87,25.56,26.66,-11.32,34.16,25.39,48.80,0.14,-27.84,25.13,0.10,3.76,40.87,25.46,-26.02,-35.38,-44.25,25.38,17707322,17708152,17708153,17708878,17708878,17709604,17709604,17710336,17710336,17711064,831,725,726,732,3014
17923,-29.85,-9.98,46.12,25.57,26.62,-11.02,34.43,25.38,48.90,0.06,-27.75,25.12,0.23,3.89,40.20,25.47,-26.02,-35.31,-44.01,25.39,17923322,17924155,17924156,17924881,17924882,17925607,17925607,17926339,17926339,17927065,834,726,725,732,3017
18139,-30.02,-9.98,45.94,25.56,26.91,-11.30,34.00,25.39,48.65,0.18,-28.06,25.15,0.15,3.98,40.65,25.46,-25.93,-35.34,-44.30,25.39,18139322,18140152,18140153,18140878,18140879,18141604,18141605,18142336,18142336,18143064,831,726,726,731,3014
18355,-30.04,-9.91,45.49,25.56,26.58,-11.16,34.50,25.38,48.70,0.16,-27.81,25.14,0.19,4.01,40.56,25.46,-25.67,-35.23,-44.12,25.39,18355322,18356155,18356156,18356881,18356881,18357606,18357606,18358337,18358337,18359065,834,725,725,731,3015
18571,-30.13,-9.99,45.69,25.56,26.65,-11.28,34.42,25.38,48.67,0.30,-27.97,25.14,0.21,3.98,40.75,25.45,-25.93,-35.31,-44.11,25.39,18571322,18572152,18572153,18572878,18572878,18573604,18573604,18574336,18574336,18575064,831,725,726,732,3014
18787,-30.11,-9.92,46.10,25.57,26.34,-11.19,33.39,25.38,48.58,0.14,-27.19,25.14,0.08,4.21,40.18,25.47,-25.77,-35.29,-44.33,25.39,18787322,18788155,18788156,18788881,18788882,18789607,18789608,18790339,18790339,18791065,834,726,726,731,3017
19003,-30.28,-10.24,46.47,25.57,26.58,-11.12,34.22,25.38,48.80,0.39,-27.51,25.15,0.12,4.13,40.36,25.47,-25.61,-35.18,-44.39,25.40,19003322,19004152,19004153,19004878,19004879,19005604,19005604,19006336,19006337,19007065,831,726,725,733,3015
19219,-29.97,-9.92,45.72,25.57,26.60,-11.30,34.60,25.38,48.97,0.16,-27.23,25.15,0.02,3.90,40.37,25.48,-25.71,-35.14,-44.42,25.39,19219322,19220155,19220156,19220881,19220881,19221607,19221608,19222339,19222339,19223065,834,725,727,731,3017
19435,-30.02,-9.89,46.15,25.56,26.65,-11.23,34.44,25.37,48.68,0.09,-27.28,25.15,0.19,3.79,40.83,25.46,-25.76,-35.27,-45.11,25.39,19435322,19436152,19436153,19436878,19436878,19437604,19437604,19438336,19438336,19439065,831,725,726,732,3014
19651,-29.90,-9.98,45.97,25.56,26.72,-11.27,34.12,25.38,48.70,0.29,-27.35,25.15,0.15,3.89,40.55,25.47,-25.98,-35.06,-44.66,25.39,19651322,19652155,19652156,19652881,19652881,19653607,19653607,19654338,19654339,19655065,834,725,726,732,3017
19867,-30.12,-10.03,45.81,25.56,26.65,-11.23,34.67,25.38,48.65,0.28,-27.85,25.14,0.31,4.00,40.94,25.47,-25.91,-35.16,-44.55,25.38,19867322,19868152,19868153,19868878,19868879,19869604,19869605,19870336,19870336,19871064,831,726,726,731,3014
20083,-30.28,-9.91,45.46,25.55,26.72,-11.01,34.36,25.37,48.80,0.39,-27.48,25.15,0.09,3.78,40.83,25.46,-25.74,-35.21,-44.68,25.38,20083322,20084155,20084156,20084881,20084881,20085607,20085607,20086339,20086339,20087065,834,725,726,732,3017
20299,-30.22,-10.08,46.18,25.55,26.83,-11.27,34.48,25.38,48.89,0.28,-27.18,25.13,0.05,3.88,40.73,25.47,-25.95,-35.30,-44.48,25.37,20299322,20300152,20300153,20300878,20300878,20301603,20301604,20302335,20302335,20303063,831,725,726,731,3013
20515,-30.20,-10.14,45.88,25.55,26.81,-11.44,34.94,25.38,48.78,0.34,-27.44,25.15,0.07,3.90,40.61,25.47,-25.92,-35.12,-45.04,25.39,20515322,20516155,20516156,20516881,20516881,20517607,20517607,20518339,20518339,20519065,834,725,726,732,3017
20731,-30.07,-9.95,45.65,25.55,26.50,-11.28,34.33,25.37,48.74,0.17,-27.26,25.14,0.05,3.82,40.39,25.47,-25.92,-35.31,-44.46,25.39,20731322,20732152,20732153,20732878,20732879,20733604,20733605,20734336,20734336,20735065,831,726,726,731,3014
20947,-30.25,-9.77,45.15,25.55,26.66,-11.42,34.08,25.38,48.80,0.15,-26.92,25.14,0.06,3.65,40.55,25.46,-25.95,-35.24,-44.41,25.39,20947322,20948155,20948156,20948881,20948881,20949606,20949607,20950338,20950338,20951065,834,725,726,731,3016
21163,-30.14,-10.08,45.60,25.56,26.60,-11.27,34.02,25.38,48.67,0.02,-27.56,25.13,0.31,3.98,40.10,25.47,-25.82,-35.31,-45.08,25.38,21163322,21164152,21164153,21164878,21164879,21165604,21165605,21166336,21166336,21167064,831,726,726,731,3014
21379,-30.08,-9.99,46.06,25.57,26.74,-11.42,34.33,25.38,48.57,0.30,-27.51,25.14,0.12,3.94,40.51,25.46,-26.03,-35.13,-44.94,25.39,21379322,21380155,21380156,21380881,21380882,21381607,21381608,21382339,21382339,21383065,834,726,726,731,3017
21595,-30.10,-9.96,45.64,25.55,26.79,-11.31,33.72,25.39,48.72,0.32,-27.85,25.15,0.04,3.79,40.11,25.46,-25.86,-35.21,-43.95,25.39,21595322,21596152,21596153,21596878,21596878,21597603,21597604,21598335,21598335,21599063,831,725,726,731,3013
21811,-30.27,-10.00,45.84,25.56,26.60,-11.07,34.18,25.38,48.74,0.11,-28.59,25.15,0.27,3.73,40.37,25.47,-25.87,-35.43,-44.33,25.38,21811322,21812155,21812156,21812881,21812881,21813607,21813607,21814339,21814339,21815065,834,725,726,732,3017
22027,-30.18,-9.93,46.04,25.58,26.84,-11.03,34.15,25.39,48.47,0.17,-27.63,25.14,0.25,3.88,40.62,25.46,-26.05,-35.29,-44.49,25.39,22027322,22028152,22028153,22028878,22028879,22029604,22029604,22030335,22030336,22031063,831,726,725,732,3014
22243,-30.14,-9.93,45.69,25.58,26.61,-11.31,34.72,25.39,49.01,0.26,-27.51,25.14,0.18,3.99,40.99,25.47,-25.86,-35.31,-44.28,25.39,22243322,22244155,22244156,22244881,22244882,22245607,22245608,22246339,22246339,22247065,834,726,726,731,3017
22459,-30.17,-9.83,45.60,25.56,26.61,-11.25,33.91,25.38,48.82,0.03,-27.92,25.14,0.28,3.76,40.55,25.46,-26.01,-35.16,-44.79,25.40,22459322,22460152,22460153,22460878,22460878,22461603,22461604,22462335,22462335,22463063,831,725,726,731,3013
22675,-30.18,-9.89,44.94,25.58,26.78,-11.43,34.75,25.38,48.54,-0.06,-27.68,25.14,0.42,3.94,40.38,25.47,-25.82,-35.27,-44.44,25.39,22675322,22676155,22676156,22676881,22676881,22677606,22677607,22678338,22678338,22679065,834,725,726,731,3016
23671,-29.96,-10.04,44.31,25.57,26.59,-11.35,35.05,25.38,48.82,0.37,-27.56,25.14,-0.06,3.94,39.51,25.48,-25.70,-35.21,-44.85,25.38,23671334,23672135,23672136,23672861,23672861,23673587,23673587,23674327,23674327,23675054,802,725,726,740,2993
23887,-30.00,-9.97,44.17,25.55,26.82,-11.33,34.99,25.38,48.66,0.07,-27.90,25.14,0.41,3.87,40.05,25.48,-25.92,-34.97,-44.95,25.39,23887322,23888152,23888153,23888878,23888879,23889604,23889605,23890336,23890336,23891065,831,726,726,731,3014
24103,-30.34,-9.55,44.87,25.58,26.92,-11.24,35.58,25.42,49.17,0.26,-27.81,25.16,0.28,3.82,39.65,25.48,-25.65,-35.40,-44.42,25.40,24103322,24104155,24104156,24104881,24104881,24105607,24105607,24106339,24106339,24107065,834,725,726,732,3017
24319,-30.19,-10.08,44.24,25.58,26.62,-11.06,35.73,25.36,48.99,0.40,-27.75,25.15,0.37,4.06,39.35,25.47,-25.54,-35.41,-44.11,25.41,24319322,24320152,24320153,24320878,24320879,24321604,24321605,24322335,24322336,24323064,831,726,726,731,3014
24535,-30.18,-9.74,44.93,25.59,26.73,-11.07,35.13,25.36,48.76,0.20,-27.40,25.16,-0.08,3.70,39.43,25.47,-25.68,-35.21,-45.09,25.39,24535322,24536155,24536156,24536881,24536881,24537606,24537607,24538338,24538338,24539065,834,725,726,731,3016
24751,-30.15,-10.44,45.10,25.58,26.76,-11.13,35.39,25.38,48.74,0.24,-27.56,25.16,0.43,3.51,40.27,25.47,-25.93,-34.85,-44.54,25.40,24751322,24752152,24752153,24752878,24752879,24753604,24753605,24754336,24754336,24755065,831,726,726,731,3014
24967,-30.09,-9.74,45.01,25.56,26.89,-11.30,34.73,25.36,49.00,0.26,-27.16,25.16,0.43,3.86,39.24,25.50,-25.57,-35.11,-44.57,25.36,24967322,24968155,24968156,24968881,24968881,24969606,24969607,24970338,24970338,24971065,834,725,726,731,3016
25183,-30.16,-10.16,44.69,25.55,26.90,-11.15,35.17,25.38,48.95,0.38,-27.69,25.13,0.50,3.95,39.52,25.48,-25.67,-35.06,-44.84,25.39,25183322,25184152,25184153,25184878,25184878,25185604,25185604,25186335,25186336,25187064,831,725,726,732,3014
25399,-30.43,-9.94,44.88,25.58,26.70,-11.43,35.33,25.37,48.66,0.29,-26.92,25.16,0.22,3.92,39.68,25.46,-25.58,-35.26,-44.92,25.36,25399322,25400155,25400156,25400881,25400882,25401607,25401607,25402339,25402339,25403065,834,726,725,732,3017
25615,-30.26,-9.75,44.93,25.58,26.89,-11.07,35.55,25.36,48.88,0.19,-27.48,25.14,0.03,4.04,39.44,25.49,-25.78,-35.03,-44.88,25.44,25615322,25616152,25616153,25616878,25616879,25617604,25617605,25618335,25618336,25619063,831,726,726,731,3014
25831,-30.28,-10.07,44.69,25.60,26.90,-11.23,35.62,25.39,48.62,0.46,-27.94,25.17,0.02,3.77,39.83,25.46,-25.71,-35.07,-44.36,25.43,25831322,25832155,25832156,25832881,25832881,25833607,25833607,25834337,25834338,25835065,834,725,726,731,3016
26047,-30.18,-9.94,44.78,25.58,26.62,-11.14,34.72,25.37,48.88,0.39,-27.68,25.17,0.33,3.97,40.03,25.46,-25.85,-35.50,-44.94,25.39,26047322,26048152,26048153,26048878,26048879,26049604,26049604,26050336,26050336,26051064,831,726,725,732,3014
26263,-30.14,-9.76,45.37,25.58,26.54,-11.06,35.30,25.39,49.13,0.02,-27.73,25.15,0.28,3.95,39.92,25.48,-25.59,-35.09,-44.26,25.39,26263322,26264155,26264156,26264881,26264881,26265606,26265606,26266337,26266337,26267065,834,725,725,731,3015
26479,-30.40,-9.70,44.81,25.57,26.93,-11.11,35.14,25.40,48.83,-0.14,-27.74,25.18,0.26,3.85,39.93,25.47,-25.79,-35.33,-45.14,25.39,26479322,26480152,26480153,26480878,26480879,26481604,26481605,26482336,26482336,26483064,831,726,726,731,3014
26695,-30.16,-10.08,44.86,25.56,26.72,-11.20,34.50,25.40,48.77,-0.03,-27.63,25.16,0.04,3.90,40.13,25.48,-25.94,-35.26,-44.79,25.40,26695322,26696155,26696156,26696881,26696881,26697606,26697607,26698338,26698338,26699065,834,725,726,731,3016
26911,-30.41,-10.19,44.58,25.57,26.75,-11.07,34.41,25.37,49.00,0.14,-26.91,25.13,0.27,3.96,39.91,25.47,-25.81,-35.13,-45.04,25.41,26911322,26912152,26912153,26912878,26912879,26913604,26913605,26914336,26914336,26915064,831,726,726,731,3014
27127,-30.15,-9.99,45.53,25.56,26.87,-11.20,34.95,25.39,48.95,0.52,-27.39,25.15,0.17,3.83,39.83,25.47,-25.92,-35.30,-44.47,25.38,27127322,27128155,27128156,27128881,27128882,27129607,27129608,27130339,27130339,27131065,834,726,726,731,3017
27343,-29.90,-9.84,44.88,25.58,26.68,-11.23,34.81,25.36,48.76,0.25,-27.21,25.16,-0.05,3.85,39.99,25.47,-25.44,-35.21,-45.25,25.39,27343322,27344152,27344153,27344878,27344878,27345604,27345604,27346335,27346336,27347063,831,725,726,732,3014
27559,-30.15,-9.85,45.09,25.58,26.80,-11.00,34.97,25.39,48.69,0.11,-27.70,25.15,0.15,3.97,39.36,25.47,-25.81,-34.99,-45.09,25.44,27559322,27560155,27560156,27560881,27560881,27561607,27561608,27562339,27562339,27563065,834,725,727,731,3017
27775,-30.29,-9.99,45.18,25.54,26.82,-11.12,35.76,25.37,48.73,0.07,-27.64,25.17,0.12,3.88,39.30,25.44,-25.85,-35.34,-45.85,25.38,27775322,27776152,27776153,27776878,27776878,27777603,27777604,27778336,27778337,27779065,831,725,726,733,3015
27991,-29.97,-9.93,45.21,25.57,26.69,-11.28,34.71,25.39,48.31,0.26,-27.37,25.16,0.38,4.03,38.96,25.47,-25.61,-35.13,-45.04,25.37,27991322,27992155,27992156,27992881,27992882,27993607,27993608,27994339,27994339,27995065,834,726,726,731,3017
28207,-30.03,-10.29,45.10,25.56,26.68,-11.05,35.32,25.38,48.57,0.23,-27.06,25.15,0.30,4.15,39.36,25.43,-25.55,-35.17,-44.70,25.42,28207322,28208152,28208153,28208878,28208878,28209603,28209603,28210336,28210336,28211064,831,725,725,733,3014
28423,-30.25,-10.38,44.92,25.56,26.53,-11.25,35.37,25.38,48.66,0.16,-28.02,25.19,0.08,3.93,39.54,25.46,-25.65,-35.15,-44.74,25.43,28423322,28424155,28424156,28424881,28424882,28425607,28425608,28426339,28426339,28427065,834,726,726,731,3017
28639,-30.10,-9.98,44.98,25.57,26.87,-11.37,34.47,25.40,48.72,-0.03,-28.21,25.14,-0.27,3.69,39.50,25.47,-25.75,-34.98,-45.21,25.38,28639322,28640152,28640153,28640878,28640879,28641604,28641605,28642335,28642336,28643064,831,726,726,731,3014
28855,-29.96,-9.99,44.80,25.58,26.74,-11.20,34.23,25.37,48.68,0.08,-27.66,25.15,0.52,3.79,38.83,25.49,-25.83,-34.99,-45.19,25.39,28855322,28856155,28856156,28856881,28856882,28857607,28857608,28858338,28858339,28859065,834,726,726,731,3017
29071,-30.23,-10.24,45.01,25.60,26.64,-11.00,34.93,25.39,48.56,0.26,-28.21,25.16,0.13,4.25,40.04,25.51,-25.82,-35.20,-44.94,25.40,29071322,29072152,29072153,29072878,29072878,29073604,29073604,29074335,29074336,29075064,831,725,726,732,3014
29287,-30.00,-10.06,44.27,25.56,26.70,-11.21,34.68,25.37,48.98,-0.11,-27.91,25.15,-0.12,3.84,39.93,25.47,-25.86,-34.87,-44.48,25.35,29287322,29288155,29288156,29288881,29288881,29289607,29289607,29290339,29290339,29291065,834,725,726,732,3017
29503,-30.21,-9.81,44.91,25.58,26.83,-11.32,35.12,25.38,48.47,0.12,-27.68,25.15,0.20,3.73,39.95,25.47,-25.82,-35.03,-44.15,25.38,29503322,29504152,29504153,29504878,29504879,29505604,29505605,29506336,29506336,29507064,831,726,726,731,3014
29719,-30.05,-10.03,45.45,25.57,26.81,-11.32,35.76,25.37,48.61,0.08,-27.72,25.18,-0.15,4.01,39.76,25.45,-25.71,-35.02,-44.51,25.40,29719322,29720155,29720156,29720881,29720882,29721607,29721608,29722339,29722339,29723065,834,726,726,731,3017
29935,-30.07,-10.05,44.82,25.58,26.90,-11.38,35.36,25.37,48.65,0.26,-28.15,25.17,0.19,4.02,39.28,25.48,-25.89,-34.90,-44.51,25.37,29935322,29936152,29936153,29936878,29936879,29937604,29937604,29938335,29938335,29939064,831,726,725,731,3013
30151,-29.79,-10.28,45.14,25.58,26.68,-11.36,35.21,25.38,48.96,-0.12,-27.78,25.15,0.06,3.71,38.81,25.47,-25.50,-34.84,-44.73,25.39,30151322,30152155,30152156,30152881,30152882,30153607,30153607,30154338,30154338,30155065,834,726,725,731,3016
30367,-30.07,-10.09,44.80,25.55,26.77,-11.41,35.02,25.39,48.58,0.15,-27.84,25.19,0.26,3.97,39.26,25.49,-25.87,-35.09,-45.06,25.37,30367322,30368152,30368153,30368877,30368878,30369603,30369604,30370336,30370337,30371065,831,725,726,733,3015
30583,-29.94,-10.24,44.93,25.61,26.77,-11.35,34.62,25.38,48.67,0.10,-27.02,25.18,0.07,4.07,39.26,25.48,-25.79,-34.92,-44.46,25.40,30583322,30584155,30584156,30584881,30584882,30585607,30585607,30586338,30586338,30587065,834,726,725,731,3016
30799,-30.04,-9.93,44.42,25.58,26.69,-11.53,34.75,25.37,49.00,-0.00,-27.60,25.15,0.18,4.00,39.12,25.46,-25.66,-35.26,-44.97,25.38,30799322,30800152,30800153,30800878,30800879,30801604,30801605,30802336,30802336,30803065,831,726,726,731,3014
31015,-30.24,-10.10,44.70,25.56,27.12,-11.34,35.06,25.40,48.59,0.19,-27.64,25.14,0.33,3.86,39.68,25.46,-25.76,-35.12,-45.35,25.41,31015322,31016159,31016160,31016885,31016886,31017611,31017612,31018343,31018344,31019069,838,726,726,732,3022
31231,-30.09,-10.16,45.48,25.59,26.63,-11.45,35.47,25.38,48.59,0.20,-27.53,25.13,0.19,4.06,39.96,25.46,-25.82,-34.87,-44.90,25.40,31231322,31232152,31232153,31232878,31232878,31233603,31233604,31234336,31234337,31235065,831,725,726,733,3015
31447,-30.18,-10.16,44.71,25.57,26.72,-11.19,35.52,25.38,48.60,0.16,-28.15,25.15,0.30,4.01,39.64,25.48,-25.49,-35.17,-45.12,25.40,31447322,31448155,31448156,31448881,31448881,31449606,31449607,31450337,31450338,31451065,834,725,726,731,3016
31663,-30.20,-10.25,44.26,25.55,27.05,-11.29,34.56,25.37,48.65,0.20,-28.23,25.14,0.14,4.20,39.21,25.47,-25.83,-35.19,-44.89,25.37,31663322,31664152,31664153,31664878,31664879,31665604,31665605,31666336,31666336,31667064,831,726,726,731,3014
31879,-30.36,-10.08,44.99,25.55,26.66,-11.23,35.00,25.40,48.43,0.28,-28.17,25.15,0.09,3.92,39.15,25.48,-25.38,-34.95,-44.86,25.39,31879322,31880155,31880156,31880881,31880881,31881607,31881607,31882338,31882338,31883065,834,725,726,731,3016
32095,-30.21,-10.16,45.33,25.54,26.55,-11.34,35.27,25.37,48.67,0.25,-27.28,25.16,0.26,4.13,38.91,25.49,-25.53,-35.06,-44.85,25.38,32095322,32096152,32096153,32096878,32096879,32097604,32097605,32098335,32098336,32099064,831,726,726,731,3014
32311,-30.25,-10.25,45.47,25.57,26.77,-11.39,34.80,25.37,48.87,0.31,-28.20,25.16,-0.23,4.27,39.22,25.49,-25.42,-35.26,-44.90,25.37,32311322,32312155,32312156,32312881,32312882,32313607,32313608,32314339,32314339,32315065,834,726,726,731,3017
32527,-30.29,-10.07,45.66,25.60,26.66,-11.12,35.69,25.40,48.89,0.26,-28.52,25.17,-0.00,3.99,39.59,25.51,-25.85,-35.25,-44.76,25.39,32527322,32528152,32528153,32528878,32528879,32529604,32529605,32530335,32530336,32531064,831,726,726,731,3014
32743,-30.17,-10.09,45.51,25.58,26.71,-11.14,35.33,25.37,48.49,0.23,-27.58,25.16,0.09,4.17,39.11,25.48,-25.88,-35.17,-45.38,25.40,32743322,32744159,32744160,32744885,32744886,32745611,32745612,32746343,32746343,32747069,838,726,726,731,3021
32959,-30.29,-10.32,45.41,25.55,26.79,-11.05,34.79,25.37,48.63,0.60,-27.91,25.15,0.03,3.97,38.89,25.47,-25.69,-35.15,-45.11,25.39,32959322,32960152,32960153,32960878,32960879,32961604,32961604,32962335,32962335,32963063,831,726,725,731,3013
33175,-30.45,-10.29,45.14,25.54,26.82,-11.45,35.26,25.40,48.71,0.19,-27.67,25.15,0.01,4.07,39.05,25.46,-25.65,-35.14,-44.66,25.39,33175322,33176155,33176156,33176881,33176881,33177606,33177607,33178337,33178338,33179065,834,725,726,731,3016
33391,-30.51,-10.28,45.82,25.55,26.82,-11.13,33.96,25.41,48.66,0.25,-28.15,25.16,0.11,4.12,39.14,25.50,-25.70,-34.92,-44.38,25.39,33391322,33392152,33392153,33392878,33392879,33393604,33393605,33394335,33394336,33395064,831,726,726,731,3014
33607,-30.32,-10.06,45.41,25.57,26.39,-11.36,35.71,25.39,48.75,0.00,-27.85,25.13,0.07,3.79,39.44,25.44,-25.63,-34.74,-44.15,25.38,33607322,33608155,33608156,33608881,33608881,33609607,33609607,33610338,33610339,33611065,834,725,726,732,3017
33823,-30.22,-10.23,44.52,25.58,26.80,-10.98,35.02,25.39,48.62,0.21,-27.47,25.16,0.06,3.75,39.34,25.46,-25.62,-35.18,-45.16,25.39,33823322,33824152,33824152,33824878,33824878,33825603,33825604,33826335,33826335,33827063,830,726,726,731,3013
34039,-30.07,-9.95,45.58,25.54,26.66,-11.20,34.97,25.36,48.92,0.10,-27.36,25.14,-0.10,4.22,39.98,25.45,-25.54,-35.06,-45.12,25.37,34039322,34040155,34040156,34040881,34040881,34041607,34041607,34042338,34042339,34043065,834,725,726,732,3017
34255,-30.49,-10.07,45.16,25.54,26.47,-11.29,34.54,25.39,49.01,0.29,-27.26,25.14,-0.09,4.17,39.50,25.47,-25.58,-35.30,-44.45,25.39,34255322,34256152,34256153,34256878,34256879,34257604,34257605,34258336,34258336,34259065,831,726,726,731,3014
34471,-30.22,-9.87,45.86,25.58,26.71,-11.38,34.34,25.37,48.76,0.16,-26.99,25.16,0.04,4.25,39.64,25.46,-25.62,-35.21,-45.15,25.37,34471322,34472155,34472156,34472881,34472881,34473607,34473607,34474339,34474339,34475065,834,725,726,732,3017
34687,-30.09,-9.81,45.33,25.55,26.87,-11.19,35.11,25.38,48.56,0.08,-27.03,25.14,-0.20,3.85,39.63,25.49,-25.98,-35.10,-44.58,25.38,34687322,34688152,34688153,34688878,34688878,34689604,34689604,34690336,34690336,34691064,831,725,726,732,3014
34903,-30.27,-9.97,46.41,25.58,26.95,-10.68,35.11,25.39,48.67,0.06,-27.02,25.15,0.11,4.06,39.90,25.49,-25.71,-35.29,-44.39,25.37,34903322,34904155,34904156,34904881,34904882,34905607,34905608,34906339,34906339,34907065,834,726,726,731,3017
35119,-30.45,-10.09,45.06,25.59,27.02,-11.06,35.25,25.39,48.74,0.30,-27.49,25.14,-0.04,4.09,39.93,25.49,-25.82,-34.97,-44.73,25.40,35119322,35120152,35120153,35120878,35120879,35121604,35121604,35122336,35122337,35123065,831,726,725,733,3015
35335,-30.25,-10.39,45.44,25.56,26.81,-11.23,35.15,25.37,48.63,0.05,-27.17,25.16,0.11,3.97,40.71,25.45,-25.77,-35.03,-44.75,25.40,35335322,35336155,35336156,35336881,35336881,35337607,35337608,35338339,35338339,35339065,834,725,727,731,3017
35551,-30.45,-10.35,45.15,25.55,26.86,-11.23,35.17,25.37,48.87,0.37,-27.58,25.16,0.08,3.90,40.20,25.47,-25.47,-35.22,-44.63,25.42,35551322,35552152,35552153,35552878,35552879,35553604,35553605,35554335,35554336,35555064,831,726,726,731,3014
35767,-30.45,-9.97,45.45,25.57,26.75,-10.99,35.39,25.38,48.55,0.46,-27.61,25.15,0.18,4.00,39.93,25.44,-25.87,-34.87,-44.27,25.38,35767322,35768155,35768156,35768881,35768882,35769607,35769608,35770339,35770339,35771065,834,726,726,731,3017
35983,-30.25,-10.18,45.58,25.54,26.69,-11.24,34.98,25.40,48.50,0.02,-27.57,25.13,0.40,3.77,39.74,25.47,-25.90,-35.08,-44.52,25.41,35983322,35984152,35984153,35984878,35984879,35985604,35985604,35986336,35986336,35987064,831,726,725,732,3014
36199,-30.48,-10.49,44.85,25.55,26.79,-10.90,34.58,25.40,48.53,0.05,-27.88,25.17,0.03,3.81,39.53,25.47,-25.60,-35.14,-45.44,25.36,36199322,36200155,36200156,36200881,36200881,36201606,36201606,36202337,36202337,36203065,834,725,725,731,3015
36415,-30.30,-10.00,45.15,25.59,26.58,-11.27,35.16,25.39,48.45,0.32,-27.62,25.17,-0.11,4.11,39.26,25.47,-26.09,-35.32,-45.15,25.39,36415322,36416152,36416153,36416878,36416879,36417604,36417605,36418335,36418336,36419064,831,726,726,731,3014
36631,-30.32,-9.85,44.62,25.59,26.85,-11.24,35.72,25.37,48.83,0.41,-27.59,25.16,-0.05,3.89,39.93,25.48,-25.67,-35.12,-44.12,25.40,36631322,36632155,36632155,36632881,36632882,36633607,36633608,36634339,36634339,36635065,833,727,726,731,3017
36847,-30.52,-9.95,45.09,25.55,26.49,-11.16,34.95,25.40,48.92,0.27,-27.43,25.15,0.35,4.08,39.67,25.50,-25.71,-34.96,-44.69,25.40,36847322,36848152,36848153,36848878,36848878,36849603,36849604,36850335,36850335,36851063,831,725,726,731,3013
37063,-30.15,-10.17,45.21,25.54,26.98,-11.11,35.59,25.39,48.56,0.33,-27.90,25.15,0.23,3.74,40.43,25.48,-25.74,-35.09,-44.95,25.43,37063322,37064155,37064156,37064881,37064881,37065606,37065607,37066338,37066338,37067065,834,725,726,731,3016
37279,-30.28,-10.31,44.46,25.56,26.78,-11.20,35.27,25.37,48.47,0.43,-27.55,25.15,-0.10,4.09,39.47,25.50,-25.60,-34.83,-44.73,25.39,37279322,37280152,37280153,37280878,37280879,37281604,37281604,37282335,37282336,37283063,831,726,725,732,3014
37495,-30.04,-9.79,44.59,25.55,26.97,-11.33,35.27,25.38,48.72,0.05,-27.17,25.15,-0.09,3.77,39.64,25.49,-25.87,-35.15,-45.02,25.39,37495322,37496155,37496156,37496881,37496882,37497607,37497608,37498339,37498339,37499065,834,726,726,731,3017
37711,-30.16,-10.32,45.24,25.56,26.83,-11.30,35.29,25.38,48.54,0.15,-26.65,25.15,0.02,3.64,39.27,25.48,-25.73,-34.94,-45.13,25.39,37711322,37712152,37712153,37712878,37712879,37713604,37713605,37714335,37714336,37715063,831,726,726,731,3014
37927,-30.19,-10.02,45.86,25.56,26.68,-11.38,35.00,25.39,48.56,0.31,-27.19,25.16,0.34,3.87,39.36,25.47,-25.71,-35.17,-45.06,25.41,37927322,37928155,37928156,37928881,37928882,37929607,37929608,37930339,37930339,37931065,834,726,726,731,3017
38143,-30.07,-10.38,45.63,25.56,26.84,-11.10,35.89,25.38,48.58,-0.01,-27.07,25.16,0.28,4.04,38.93,25.46,-25.84,-35.10,-45.13,25.39,38143322,38144152,38144153,38144878,38144879,38145604,38145605,38146336,38146337,38147065,831,726,726,732,3015
38359,-30.19,-10.00,45.45,25.59,26.79,-11.30,34.48,25.34,48.33,0.31,-27.63,25.16,-0.05,3.93,39.11,25.45,-25.45,-34.97,-45.83,25.41,38359322,38360159,38360160,38360885,38360886,38361611,38361612,38362343,38362343,38363069,838,726,726,731,3021
38575,-30.27,-10.18,45.09,25.59,26.64,-11.31,35.71,25.40,48.74,0.43,-27.48,25.18,0.05,4.00,39.24,25.49,-25.82,-35.05,-45.02,25.40,38575322,38576152,38576153,38576878,38576878,38577603,38577603,38578336,38578336,38579064,831,725,725,733,3014
38791,-30.22,-10.12,45.00,25.56,26.85,-11.10,35.66,25.41,48.56,0.18,-27.33,25.15,-0.01,3.68,39.61,25.48,-25.82,-35.19,-44.50,25.42,38791322,38792155,38792156,38792881,38792881,38793607,38793607,38794339,38794339,38795065,834,725,726,732,3017
39007,-29.82,-10.01,45.48,25.60,26.79,-11.42,35.02,25.37,48.81,-0.00,-27.66,25.14,0.25,3.62,40.10,25.51,-25.69,-35.44,-44.77,25.40,39007322,39008152,39008152,39008878,39008878,39009604,39009604,39010336,39010336,39011064,830,726,726,732,3014
39223,-30.03,-9.98,45.32,25.59,26.62,-11.07,35.47,25.35,48.81,0.35,-27.58,25.14,0.06,3.89,39.14,25.43,-26.00,-35.25,-45.20,25.40,39223322,39224159,39224160,39224885,39224886,39225611,39225612,39226343,39226343,39227069,838,726,726,731,3021
39439,-29.90,-10.13,45.14,25.61,26.74,-11.42,35.38,25.39,48.61,0.36,-27.53,25.17,0.13,3.88,39.60,25.45,-25.81,-35.01,-44.39,25.40,39439322,39440152,39440153,39440878,39440878,39441603,39441604,39442335,39442335,39443063,831,725,726,731,3013
39655,-30.04,-9.70,45.13,25.56,26.50,-11.40,34.83,25.38,49.08,0.23,-27.71,25.17,0.07,3.86,39.84,25.51,-25.54,-34.90,-44.26,25.42,39655322,39656155,39656156,39656881,39656881,39657607,39657607,39658338,39658339,39659065,834,725,726,732,3017
39871,-30.01,-9.78,45.66,25.55,26.58,-11.36,34.67,25.39,48.64,0.32,-27.93,25.15,-0.10,3.97,39.43,25.52,-25.66,-34.98,-44.66,25.36,39871322,39872152,39872153,39872878,39872878,39873603,39873603,39874336,39874336,39875064,831,725,725,733,3014
40087,-30.28,-10.00,45.23,25.59,26.45,-11.45,35.39,25.38,48.45,0.22,-27.70,25.15,0.08,4.06,38.99,25.49,-25.71,-35.02,-44.71,25.40,40087322,40088155,40088156,40088881,40088881,40089606,40089607,40090337,40090338,40091065,834,725,726,731,3016
40303,-30.06,-9.85,44.79,25.60,26.61,-11.73,35.39,25.38,48.58,0.18,-27.87,25.13,-0.18,3.67,39.31,25.48,-25.81,-35.43,-45.10,25.39,40303322,40304152,40304153,40304878,40304879,40305604,40305605,40306336,40306336,40307064,831,726,726,731,3014
40519,-30.14,-9.59,45.28,25.60,26.70,-11.40,35.23,25.38,48.82,0.41,-27.19,25.14,-0.38,4.25,39.15,25.52,-25.50,-34.98,-45.35,25.42,40519322,40520155,40520156,40520881,40520882,40521607,40521608,40522339,40522339,40523065,834,726,726,731,3017
40735,-30.06,-9.86,45.42,25.59,26.60,-11.40,35.46,25.38,48.66,0.18,-27.87,25.17,-0.12,3.89,39.69,25.48,-25.44,-35.04,-44.61,25.41,40735322,40736152,40736153,40736878,40736879,40737604,40737605,40738335,40738336,40739063,831,726,726,731,3014
40951,-29.96,-9.99,45.91,25.59,26.79,-11.21,34.76,25.39,48.59,-0.05,-27.13,25.15,0.35,3.59,38.99,25.49,-25.37,-34.97,-45.43,25.40,40951322,40952155,40952156,40952881,40952881,40953607,40953607,40954339,40954339,40955065,834,725,726,732,3017
41167,-30.05,-9.79,45.47,25.59,26.73,-11.16,34.59,25.38,48.68,0.24,-27.42,25.17,-0.07,3.99,39.33,25.47,-25.56,-35.18,-45.56,25.40,41167322,41168152,41168153,41168878,41168879,41169604,41169604,41170335,41170336,41171064,831,726,725,732,3014
41383,-30.04,-10.03,44.44,25.58,26.77,-11.35,35.18,25.37,48.76,0.28,-26.97,25.16,-0.02,3.88,40.17,25.47,-25.52,-35.23,-45.32,25.38,41383322,41384155,41384156,41384881,41384882,41385607,41385607,41386338,41386339,41387065,834,726,725,732,3017
41599,-30.23,-9.87,45.08,25.59,26.68,-11.34,34.94,25.39,48.65,0.42,-27.09,25.13,0.16,3.82,39.58,25.47,-25.66,-35.25,-45.36,25.40,41599322,41600152,41600153,41600878,41600878,41601603,41601604,41602335,41602335,41603063,831,725,726,731,3013
41815,-30.22,-9.79,44.09,25.58,26.75,-11.17,35.11,25.37,48.79,0.20,-26.95,25.16,0.22,4.07,40.31,25.45,-25.83,-35.11,-45.56,25.39,41815322,41816155,41816156,41816881,41816882,41817607,41817607,41818339,41818339,41819065,834,726,725,732,3017
42031,-30.21,-10.05,44.93,25.58,26.41,-11.19,35.51,25.40,48.74,0.15,-27.45,25.16,-0.01,4.06,39.65,25.50,-25.54,-35.01,-44.97,25.39,42031322,42032152,42032153,42032878,42032879,42033604,42033604,42034335,42034336,42035063,831,726,725,732,3014
42247,-30.08,-10.42,44.75,25.56,26.83,-11.20,36.00,25.39,48.58,0.17,-27.25,25.15,0.37,4.02,39.66,25.49,-25.69,-35.27,-45.53,25.37,42247322,42248155,42248156,42248881,42248881,42249606,42249606,42250337,42250338,42251065,834,725,725,732,3016
42463,-30.16,-9.94,45.67,25.61,26.90,-10.99,35.18,25.38,48.86,-0.15,-27.50,25.16,-0.10,3.98,39.08,25.48,-25.75,-35.13,-44.83,25.39,42463322,42464152,42464153,42464878,42464879,42465604,42465604,42466336,42466336,42467065,831,726,725,732,3014
42679,-30.10,-9.93,45.23,25.56,26.87,-11.25,35.21,25.34,48.92,0.01,-27.59,25.17,-0.05,3.67,39.81,25.46,-25.70,-35.10,-44.93,25.38,42679322,42680155,42680156,42680881,42680882,42681607,42681608,42682339,42682339,42683065,834,726,726,731,3017
42895,-30.17,-9.74,44.95,25.61,26.37,-11.15,34.88,25.36,48.85,0.08,-27.45,25.17,-0.13,3.54,39.49,25.46,-25.59,-34.95,-45.21,25.41,42895322,42896152,42896153,42896878,42896879,42897604,42897605,42898336,42898336,42899063,831,726,726,731,3014
43111,-30.04,-9.87,45.42,25.57,26.72,-11.29,34.82,25.39,48.64,0.27,-27.58,25.15,0.06,4.20,39.23,25.47,-25.69,-35.09,-45.58,25.39,43111322,43112155,43112156,43112881,43112881,43113606,43113606,43114336,43114337,43115065,834,725,725,731,3015
43327,-30.08,-10.08,45.05,25.57,26.93,-11.70,35.77,25.39,48.62,0.11,-27.95,25.14,-0.05,3.77,39.11,25.45,-25.64,-35.09,-45.98,25.39,43327322,43328152,43328153,43328878,43328878,43329603,43329604,43330335,43330335,43331064,831,725,726,731,3013
43543,-30.20,-9.94,45.08,25.57,26.79,-11.28,35.39,25.36,48.89,0.51,-28.08,25.16,-0.16,3.88,39.24,25.45,-26.05,-34.89,-45.32,25.38,43543322,43544155,43544156,43544881,43544881,43545606,43545607,43546338,43546338,43547065,834,725,726,731,3016
43759,-29.88,-10.19,43.84,25.59,26.57,-11.28,34.83,25.36,48.61,0.25,-27.23,25.14,0.08,3.67,39.71,25.46,-25.66,-34.99,-45.89,25.37,43759322,43760152,43760153,43760878,43760879,43761604,43761605,43762335,43762336,43763064,831,726,726,731,3014
43975,-30.30,-10.17,45.46,25.60,26.80,-11.06,34.96,25.40,48.72,0.10,-26.78,25.15,-0.01,3.79,40.10,25.46,-25.70,-35.03,-45.32,25.38,43975322,43976155,43976156,43976881,43976881,43977607,43977607,43978338,43978339,43979065,834,725,726,732,3017
44191,-30.06,-10.07,45.65,25.60,26.73,-11.26,34.83,25.36,49.02,0.34,-27.72,25.17,0.47,3.89,39.03,25.45,-25.76,-35.24,-45.49,25.41,44191330,44192159,44192160,44192885,44192885,44193611,44193611,44194342,44194343,44195068,830,725,726,732,3013
44407,-30.15,-9.90,45.82,25.60,26.67,-11.36,35.02,25.37,48.63,0.30,-27.06,25.15,0.27,3.75,39.76,25.48,-25.34,-34.73,-45.65,25.39,44407322,44408155,44408156,44408881,44408882,44409607,44409608,44410338,44410339,44411065,834,726,726,731,3017
44623,-30.06,-9.86,46.23,25.56,27.21,-11.01,34.09,25.40,48.79,0.30,-27.53,25.19,0.14,3.88,39.32,25.46,-25.91,-35.02,-45.58,25.37,44623322,44624152,44624153,44624878,44624879,44625604,44625605,44626336,44626336,44627064,831,726,726,731,3014
44839,-30.09,-10.13,45.66,25.57,26.64,-11.23,34.92,25.37,48.89,0.36,-28.23,25.17,-0.18,3.94,39.61,25.44,-25.67,-34.94,-45.18,25.36,44839322,44840155,44840156,44840881,44840881,44841607,44841607,44842338,44842339,44843065,834,725,726,732,3017
45055,-30.10,-10.05,45.16,25.56,26.56,-11.14,34.97,25.38,48.89,0.14,-27.76,25.16,0.27,3.94,39.65,25.47,-25.41,-35.32,-45.59,25.40,45055322,45056152,45056153,45056878,45056878,45057604,45057605,45058336,45058336,45059064,831,725,727,731,3014
46051,-30.26,-10.24,45.72,25.59,26.77,-11.10,35.57,25.39,48.54,0.65,-27.45,25.12,0.26,3.97,40.12,25.47,-25.91,-34.87,-45.08,25.40,46051334,46052135,46052136,46052861,46052862,46053587,46053588,46054320,46054320,46055045,802,726,726,732,2986
46267,-30.16,-10.24,45.27,25.57,26.65,-10.83,35.76,25.41,48.69,0.22,-27.40,25.13,-0.00,3.82,39.85,25.49,-26.19,-35.44,-44.88,25.41,46267322,46268152,46268153,46268878,46268878,46269603,46269604,46270335,46270335,46271063,831,725,726,731,3013
46483,-30.07,-10.05,45.58,25.55,26.71,-11.28,35.79,25.37,48.57,0.23,-27.63,25.16,0.17,3.95,39.72,25.44,-26.12,-34.96,-45.31,25.39,46483322,46484159,46484160,46484885,46484886,46485611,46485611,46486342,46486342,46487068,838,726,725,731,3020
46699,-29.87,-10.27,45.78,25.57,26.36,-11.33,35.46,25.38,48.54,0.50,-27.36,25.16,0.12,3.64,39.38,25.48,-26.10,-35.19,-45.02,25.41,46699322,46700152,46700153,46700878,46700878,46701603,46701604,46702336,46702337,46703065,831,725,726,733,3015
46915,-30.07,-10.10,45.06,25.60,26.70,-11.18,35.44,25.37,48.89,0.79,-27.01,25.13,0.09,4.14,39.18,25.43,-25.78,-34.93,-45.13,25.39,46915322,46916155,46916156,46916881,46916881,46917607,46917607,46918338,46918339,46919065,834,725,726,732,3017
47131,-30.18,-10.35,45.17,25.55,26.61,-11.06,35.76,25.37,48.69,0.25,-27.84,25.19,0.11,3.99,39.37,25.45,-26.04,-35.31,-45.45,25.42,47131322,47132152,47132153,47132878,47132879,47133604,47133604,47134336,47134336,47135065,831,726,725,732,3014
47347,-30.26,-10.03,45.17,25.56,26.62,-11.09,35.44,25.38,48.43,0.67,-27.70,25.16,0.30,3.99,39.00,25.48,-25.88,-35.05,-44.60,25.38,47347322,47348155,47348156,47348881,47348882,47349607,47349607,47350339,47350339,47351065,834,726,725,732,3017
47563,-30.52,-9.70,45.03,25.59,26.30,-11.23,35.58,25.38,48.83,0.34,-27.13,25.12,0.44,3.91,39.53,25.47,-25.78,-35.08,-45.12,25.39,47563322,47564152,47564153,47564878,47564879,47565604,47565605,47566335,47566336,47567063,831,726,726,731,3014
47779,-30.18,-10.00,45.50,25.56,26.69,-11.08,35.57,25.37,48.89,0.05,-27.00,25.17,0.38,3.87,39.44,25.45,-25.68,-35.55,-44.50,25.41,47779322,47780155,47780156,47780881,47780882,47781607,47781607,47782339,47782339,47783065,834,726,725,732,3017
47995,-30.43,-9.98,45.00,25.55,26.79,-11.23,35.31,25.37,48.74,0.38,-27.99,25.14,-0.23,4.04,39.96,25.47,-25.78,-35.22,-44.62,25.41,47995322,47996152,47996153,47996878,47996879,47997604,47997605,47998336,47998336,47999065,831,726,726,731,3014
48211,-30.38,-9.89,44.70,25.55,26.58,-11.35,35.64,25.38,48.81,0.14,-27.64,25.16,0.21,3.93,39.77,25.48,-25.63,-35.53,-44.98,25.41,48211322,48212155,48212155,48212881,48212882,48213607,48213607,48214339,48214339,48215065,833,727,725,732,3017
48427,-30.46,-10.06,44.70,25.53,26.60,-11.24,34.73,25.38,48.78,0.21,-27.95,25.16,0.24,4.01,40.42,25.48,-25.89,-35.36,-44.18,25.42,48427322,48428152,48428153,48428878,48428879,48429604,48429605,48430336,48430336,48431064,831,726,726,731,3014
48643,-30.60,-10.03,44.61,25.57,26.44,-11.60,36.01,25.41,48.87,0.23,-27.70,25.19,0.09,4.30,39.35,25.46,-25.55,-35.08,-45.09,25.45,48643322,48644155,48644156,48644881,48644882,48645607,48645607,48646338,48646338,48647065,834,726,725,731,3016
48859,-30.61,-9.75,45.30,25.56,26.52,-11.45,35.87,25.38,48.85,0.44,-27.57,25.15,-0.02,3.95,40.22,25.45,-25.84,-35.08,-44.43,25.40,48859322,48860152,48860153,48860878,48860878,48861603,48861604,48862335,48862335,48863063,831,725,726,731,3013
49075,-30.74,-9.96,45.96,25.55,26.36,-11.19,36.44,25.37,48.85,0.19,-27.76,25.18,0.08,3.74,40.08,25.45,-25.66,-35.17,-45.13,25.42,49075322,49076155,49076156,49076881,49076881,49077607,49077607,49078338,49078339,49079065,834,725,726,732,3017
49291,-30.54,-9.90,45.46,25.55,26.59,-11.19,35.82,25.36,48.59,0.22,-27.99,25.13,0.02,3.72,40.47,25.51,-25.79,-35.23,-44.86,25.38,49291322,49292152,49292153,49292878,49292879,49293604,49293605,49294335,49294336,49295064,831,726,726,731,3014
49507,-30.65,-9.90,45.02,25.54,26.63,-11.33,35.23,25.37,48.82,0.24,-26.92,25.14,0.00,3.83,40.08,25.46,-25.95,-35.38,-45.99,25.40,49507322,49508155,49508156,49508881,49508882,49509607,49509608,49510339,49510339,49511065,834,726,726,731,3017
49723,-30.60,-10.07,45.36,25.56,26.50,-11.29,34.98,25.37,48.69,0.28,-27.82,25.14,0.03,3.73,40.43,25.46,-25.84,-35.14,-45.15,25.40,49723322,49724152,49724152,49724878,49724878,49725603,49725604,49726335,49726335,49727063,830,726,726,731,3013
49939,-27.98,-11.02,44.51,25.59,26.44,-11.21,35.22,25.39,48.91,0.29,-27.30,25.18,-0.22,3.82,39.60,25.49,-25.77,-35.20,-44.86,25.40,49939322,49940155,49940156,49940881,49940882,49941607,49941608,49942339,49942339,49943065,834,726,726,731,3017
50155,-34.20,-41.69,49.81,25.61,26.70,-11.09,35.40,25.39,48.75,0.43,-27.34,25.16,0.26,3.68,39.96,25.48,-25.71,-35.32,-44.45,25.45,50155322,50156152,50156153,50156878,50156879,50157604,50157604,50158335,50158335,50159063,831,726,725,731,3013
50371,-43.78,-14.39,45.52,25.62,26.31,-11.34,35.00,25.39,48.84,0.25,-27.84,25.16,0.25,4.09,39.62,25.48,-25.83,-35.27,-44.86,25.38,50371322,50372155,50372156,50372881,50372881,50373606,50373607,50374338,50374338,50375065,834,725,726,731,3016
50587,-35.51,13.63,28.39,25.60,26.48,-11.33,34.89,25.35,48.81,0.29,-27.71,25.14,-0.07,3.77,39.80,25.47,-25.72,-35.63,-44.78,25.39,50587322,50588152,50588153,50588878,50588879,50589604,50589604,50590335,50590336,50591063,831,726,725,732,3014
50803,-34.52,17.64,19.60,25.59,26.76,-10.93,35.29,25.39,49.27,0.31,-27.71,25.15,0.09,3.66,39.81,25.46,-25.81,-35.50,-45.00,25.39,50803322,50804155,50804156,50804881,50804881,50805607,50805607,50806339,50806339,50807065,834,725,726,732,3017
51019,-35.06,15.49,15.94,25.63,27.04,-10.84,34.98,25.39,49.18,0.34,-27.04,25.19,0.28,3.82,39.30,25.47,-26.01,-35.06,-44.72,25.38,51019322,51020152,51020153,51020878,51020878,51021604,51021604,51022335,51022336,51023063,831,725,726,732,3014
51235,-33.34,16.00,12.44,25.60,27.00,-11.11,35.46,25.39,49.38,0.17,-26.62,25.16,0.07,3.86,39.93,25.46,-26.11,-35.12,-44.60,25.40,51235322,51236155,51236155,51236881,51236881,51237607,51237607,51238338,51238339,51239065,833,726,726,732,3017
51451,-31.69,17.03,10.60,25.60,27.45,-10.43,35.11,25.37,49.53,0.63,-26.85,25.15,-0.28,4.06,39.38,25.47,-25.88,-34.32,-44.51,25.39,51451322,51452152,51452153,51452878,51452878,51453604,51453604,51454336,51454336,51455065,831,725,726,732,3014
51667,-31.13,16.19,12.70,25.64,27.36,-10.54,35.09,25.42,49.40,0.27,-26.68,25.14,-0.49,4.03,39.51,25.47,-25.92,-34.47,-44.35,25.42,51667322,51668155,51668155,51668881,51668881,51669606,51669607,51670338,51670338,51671065,833,726,726,731,3016
51883,-30.08,15.31,14.36,25.64,27.41,-10.03,34.66,25.38,49.58,0.54,-26.72,25.19,-0.29,3.71,39.34,25.47,-26.31,-33.49,-45.28,25.40,51883322,51884152,51884153,51884878,51884878,51885604,51885604,51886335,51886335,51887064,831,725,726,731,3013
52099,-27.68,11.25,22.61,25.66,27.39,-9.45,34.93,25.43,49.19,0.19,-27.27,25.14,0.24,4.02,39.48,25.47,-26.60,-33.62,-45.31,25.40,52099322,52100155,52100156,52100881,52100881,52101606,52101607,52102338,52102338,52103065,834,725,726,731,3016
52315,-15.70,-5.00,40.91,25.68,27.44,-9.57,35.16,25.36,49.64,0.10,-26.74,25.16,0.35,3.95,39.81,25.50,-26.76,-33.87,-45.33,25.38,52315322,52316152,52316153,52316878,52316879,52317604,52317604,52318336,52318337,52319065,831,726,725,733,3015
52531,-12.44,-58.59,12.92,25.69,27.63,-9.86,35.54,25.38,49.41,-0.08,-26.69,25.16,0.31,3.62,40.03,25.47,-26.21,-33.39,-45.80,25.38,52531322,52532155,52532155,52532881,52532882,52533607,52533608,52534339,52534339,52535065,833,727,726,731,3017
52747,-8.06,-60.33,5.06,25.70,27.68,-9.20,35.82,25.39,49.42,0.31,-26.94,25.16,0.09,3.66,39.82,25.46,-26.23,-33.20,-45.65,25.38,52747322,52748152,52748153,52748878,52748878,52749604,52749604,52750335,52750336,52751063,831,725,726,732,3014
52963,-7.38,-60.41,6.98,25.70,27.47,-9.54,34.90,25.40,49.48,0.51,-26.83,25.14,0.05,3.87,39.05,25.48,-26.55,-33.30,-45.11,25.39,52963322,52964155,52964155,52964881,52964882,52965607,52965608,52966339,52966339,52967065,833,727,726,731,3017
53179,-7.77,-59.80,9.48,25.69,27.70,-9.49,34.69,25.37,49.54,-0.22,-26.55,25.19,0.03,3.60,39.08,25.46,-26.18,-33.65,-46.04,25.37,53179322,53180152,53180153,53180878,53180879,53181604,53181605,53182335,53182336,53183064,831,726,726,731,3014
53395,-7.59,-59.42,10.70,25.70,27.89,-9.90,34.91,25.39,49.25,-0.00,-26.32,25.18,0.36,3.81,39.55,25.51,-26.28,-33.64,-44.83,25.40,53395322,53396155,53396155,53396881,53396882,53397607,53397608,53398339,53398339,53399065,833,727,726,731,3017
53611,-7.11,-59.36,11.33,25.71,27.68,-9.51,35.84,25.40,49.48,0.17,-27.33,25.17,-0.03,3.71,39.57,25.46,-26.37,-33.59,-46.21,25.39,53611322,53612152,53612152,53612877,53612878,53613603,53613604,53614335,53614335,53615063,830,726,726,731,3013
53827,-6.79,-59.88,10.89,25.74,27.56,-9.53,35.84,25.43,49.41,-0.09,-27.15,25.16,0.38,3.87,39.64,25.48,-25.95,-33.48,-45.44,25.42,53827322,53828155,53828155,53828881,53828881,53829607,53829607,53830338,53830339,53831065,833,726,726,732,3017
54043,-7.56,-62.47,4.29,25.73,27.49,-9.89,35.70,25.38,49.64,-0.13,-26.86,25.16,0.02,3.80,40.17,25.47,-26.01,-33.48,-45.05,25.39,54043322,54044152,54044153,54044878,54044879,54045604,54045604,54046336,54046336,54047065,831,726,725,732,3014
54259,-7.62,-62.70,3.85,25.74,27.35,-9.67,34.88,25.37,49.47,-0.08,-26.48,25.18,0.44,3.73,38.88,25.49,-26.16,-33.33,-44.81,25.39,54259322,54260155,54260155,54260881,54260882,54261607,54261608,54262339,54262339,54263065,833,727,726,731,3017
54475,-8.08,-63.16,-2.41,25.75,27.72,-9.25,35.18,25.38,49.67,-0.03,-27.38,25.16,0.19,3.55,39.38,25.46,-26.24,-33.48,-45.62,25.39,54475322,54476152,54476152,54476878,54476879,54477604,54477605,54478335,54478336,54479063,830,727,726,731,3014
54691,-10.91,-61.50,-7.53,25.75,27.61,-9.46,35.52,25.38,49.49,0.23,-27.10,25.16,-0.16,3.73,38.93,25.48,-26.06,-33.65,-45.20,25.41,54691322,54692155,54692155,54692880,54692880,54693606,54693606,54694338,54694338,54695065,833,725,726,732,3016
54907,-12.45,-57.93,15.72,25.77,27.66,-9.92,35.33,25.39,49.64,0.09,-27.10,25.16,0.17,3.94,39.78,25.48,-26.25,-33.38,-45.45,25.42,54907322,54908152,54908153,54908878,54908879,54909604,54909604,54910336,54910336,54911064,831,726,725,732,3014
55123,-7.41,-57.61,18.40,25.74,27.61,-9.78,34.32,25.39,49.50,0.01,-26.36,25.15,-0.16,3.75,39.62,25.47,-26.08,-33.58,-45.59,25.38,55123322,55124155,55124156,55124881,55124881,55125606,55125607,55126337,55126338,55127065,834,725,726,731,3016
55339,-0.94,-54.77,23.78,25.79,27.84,-9.58,34.97,25.39,49.39,0.19,-26.70,25.17,0.06,3.78,39.08,25.49,-26.26,-33.57,-44.85,25.41,55339322,55340152,55340152,55340878,55340878,55341603,55341604,55342335,55342335,55343063,830,726,726,731,3013
55555,-5.77,-49.66,30.18,25.78,27.59,-9.72,35.12,25.38,49.35,0.03,-26.35,25.16,0.15,4.22,39.22,25.49,-26.34,-33.49,-45.74,25.42,55555322,55556155,55556156,55556881,55556881,55557607,55557607,55558339,55558339,55559065,834,725,726,732,3017
55771,-12.69,-44.49,32.70,25.84,27.45,-9.38,34.95,25.37,49.67,-0.11,-26.75,25.16,0.02,3.66,39.32,25.44,-26.22,-33.38,-45.07,25.36,55771322,55772152,55772153,55772878,55772879,55773604,55773605,55774335,55774336,55775063,831,726,726,731,3014
55987,-23.09,-27.94,34.65,25.83,27.81,-9.60,35.38,25.39,49.54,0.04,-27.23,25.18,-0.03,3.90,39.17,25.47,-26.09,-33.51,-45.66,25.40,55987322,55988155,55988156,55988881,55988881,55989606,55989607,55990338,55990338,55991065,834,725,726,731,3016
56203,-32.54,-30.80,23.02,25.81,27.51,-9.69,35.10,25.39,49.55,-0.16,-27.04,25.15,0.28,3.96,39.64,25.48,-26.71,-33.74,-45.81,25.41,56203322,56204152,56204153,56204878,56204878,56205604,56205604,56206335,56206336,56207064,831,725,726,732,3014
56419,-38.36,-28.90,6.45,25.82,27.83,-9.59,35.15,25.38,49.44,0.27,-26.80,25.13,0.06,3.88,39.62,25.44,-26.57,-33.55,-45.21,25.42,56419322,56420155,56420155,56420880,56420881,56421606,56421607,56422337,56422338,56423065,833,726,726,731,3016
56635,-43.30,-24.89,-9.68,25.80,27.34,-9.52,35.16,25.38,49.40,0.42,-26.39,25.15,0.00,3.97,39.27,25.49,-26.61,-33.36,-45.31,25.40,56635322,56636152,56636152,56636878,56636879,56637604,56637605,56638335,56638336,56639064,830,727,726,731,3014
56851,-38.24,-26.34,-35.62,25.81,27.07,-9.84,35.15,25.40,49.35,0.30,-27.07,25.17,-0.03,3.65,39.34,25.46,-26.80,-33.69,-45.41,25.40,56851322,56852159,56852160,56852885,56852885,56853611,56853611,56854342,56854343,56855068,838,725,726,732,3021
57067,-28.18,-28.23,-48.46,25.83,27.65,-9.90,35.49,25.40,49.31,-0.05,-26.21,25.14,-0.03,3.94,39.51,25.49,-26.94,-33.66,-45.68,25.41,57067322,57068152,57068152,57068878,57068879,57069604,57069605,57070335,57070336,57071064,830,727,726,731,3014
57283,-24.14,-29.53,-53.16,25.81,27.36,-9.62,35.17,25.39,49.48,-0.05,-27.08,25.15,-0.05,3.50,39.34,25.49,-26.98,-33.32,-45.46,25.39,57283322,57284155,57284155,57284880,57284880,57285606,57285606,57286338,57286338,57287065,833,725,726,732,3016
57499,-26.07,-32.17,-54.28,25.84,27.46,-9.41,34.52,25.40,49.38,0.03,-27.39,25.12,-0.03,3.56,39.53,25.49,-26.66,-33.43,-44.65,25.42,57499322,57500152,57500153,57500878,57500878,57501603,57501603,57502336,57502336,57503064,831,725,725,733,3014
57715,-26.82,-33.09,-56.45,25.87,27.63,-9.47,35.24,25.41,49.67,0.01,-26.89,25.15,0.04,3.48,39.90,25.46,-26.75,-33.56,-45.43,25.41,57715322,57716155,57716155,57716880,57716880,57717606,57717606,57718337,57718338,57719065,833,725,726,732,3016
57931,-29.62,-33.60,-56.10,25.83,27.54,-9.42,35.14,25.39,49.44,-0.02,-26.29,25.14,0.38,3.75,39.91,25.48,-26.71,-33.59,-45.07,25.38,57931322,57932152,57932153,57932878,57932878,57933604,57933604,57934335,57934336,57935064,831,725,726,732,3014
58147,-34.18,-35.15,-54.30,25.89,27.53,-9.53,34.86,25.44,49.56,-0.15,-26.39,25.15,0.14,3.60,39.92,25.47,-26.78,-33.73,-45.38,25.39,58147322,58148155,58148155,58148880,58148880,58149605,58149605,58150335,58150336,58151064,833,725,725,731,3014
58363,-31.28,-52.78,-4.67,25.93,27.48,-9.52,35.01,25.40,49.30,0.01,-26.63,25.15,0.38,3.83,39.89,25.47,-26.81,-33.29,-44.99,25.42,58363322,58364152,58364153,58364878,58364879,58365604,58365604,58366335,58366336,58367064,831,726,725,732,3014
58579,-35.49,22.69,0.69,25.97,27.57,-9.89,35.04,25.37,49.59,0.32,-26.54,25.17,0.23,3.99,40.31,25.48,-26.90,-33.56,-45.25,25.40,58579322,58580159,58580160,58580884,58580885,58581610,58581610,58582342,58582342,58583067,838,725,725,732,3020
58795,-19.74,21.11,19.01,25.98,27.53,-9.54,34.52,25.39,49.86,0.08,-26.40,25.15,0.35,3.67,39.77,25.46,-26.53,-33.64,-44.91,25.40,58795322,58796152,58796153,58796878,58796879,58797604,58797605,58798336,58798336,58799064,831,726,726,731,3014
59011,-21.96,26.59,-18.87,25.99,28.39,-6.23,34.75,25.38,50.79,-1.43,-25.45,25.15,-0.67,3.76,39.69,25.49,-23.83,-35.82,-44.71,25.40,59011322,59012155,59012155,59012881,59012882,59013607,59013608,59014339,59014339,59015065,833,727,726,731,3017
59227,-45.79,53.60,-144.55,26.03,30.94,-4.84,33.81,25.42,51.55,-4.80,-25.08,25.12,-0.60,4.04,40.21,25.47,-23.04,-36.13,-44.46,25.40,59227322,59228152,59228153,59228878,59228879,59229604,59229604,59230335,59230336,59231063,831,726,725,732,3014
59443,6.27,87.40,-373.99,26.06,33.74,-8.98,33.50,25.38,51.93,-6.55,-25.16,25.15,-0.77,4.20,39.15,25.47,-22.60,-36.18,-44.38,25.41,59443322,59444155,59444155,59444881,59444882,59445607,59445607,59446338,59446338,59447065,833,727,725,731,3016
59659,56.91,187.61,-529.37,26.12,33.24,-8.99,33.35,25.39,52.01,-6.30,-25.15,25.15,-0.59,3.81,39.89,25.48,-22.64,-36.34,-44.56,25.42,59659322,59660152,59660153,59660878,59660879,59661604,59661605,59662335,59662336,59663064,831,726,726,731,3014
59875,-179.41,440.47,35.35,26.15,32.44,-4.27,34.03,25.42,47.52,-9.39,-30.20,25.14,-0.69,4.11,39.52,25.49,-22.86,-36.26,-43.97,25.39,59875322,59876155,59876155,59876881,59876882,59877607,59877607,59878338,59878338,59879065,833,727,725,731,3016
60091,-91.65,76.37,102.18,26.21,31.83,-1.34,33.39,25.39,45.23,-9.82,-32.47,25.14,-0.51,3.27,39.29,25.46,-22.03,-36.51,-44.27,25.41,60091322,60092152,60092153,60092878,60092878,60093604,60093604,60094335,60094335,60095064,831,725,726,731,3013
60307,-97.29,97.92,105.29,26.26,32.17,-0.32,33.44,25.41,44.12,-10.14,-33.24,25.14,-0.48,2.96,39.75,25.48,-21.98,-36.30,-44.25,25.41,60307322,60308155,60308155,60308881,60308882,60309607,60309607,60310338,60310339,60311065,833,727,725,732,3017
60523,-14.11,33.78,57.77,26.31,31.76,1.45,33.18,25.39,45.48,-7.51,-32.12,25.15,-0.88,3.66,39.56,25.47,-22.48,-36.08,-44.53,25.40,60523322,60524152,60524153,60524878,60524878,60525604,60525604,60526336,60526337,60527065,831,725,726,733,3015
60739,-39.34,-8.24,14.62,26.38,32.08,0.28,33.73,25.38,44.97,-7.34,-32.95,25.15,-0.77,3.79,39.59,25.49,-22.64,-36.13,-44.21,25.40,60739322,60740155,60740155,60740881,60740882,60741607,60741608,60742339,60742339,60743065,833,727,726,731,3017
60955,-18.47,22.40,-33.30,26.40,31.66,0.63,33.50,25.41,44.93,-8.85,-32.41,25.15,-0.77,3.78,39.93,25.48,-22.87,-35.89,-44.30,25.40,60955322,60956152,60956152,60956878,60956879,60957604,60957604,60958336,60958336,60959065,830,727,725,732,3014
61171,-2.07,15.01,-76.89,26.40,32.14,-0.38,34.16,25.40,45.03,-8.13,-32.47,25.15,-1.02,3.91,39.73,25.50,-23.41,-35.57,-44.43,25.42,61171322,61172155,61172155,61172880,61172880,61173606,61173606,61174337,61174337,61175065,833,725,726,731,3015
61387,-19.58,13.35,-84.07,26.41,31.79,-0.12,33.54,25.38,45.17,-8.01,-32.66,25.21,-0.84,3.65,39.79,25.50,-23.06,-35.98,-44.94,25.38,61387322,61388152,61388153,61388878,61388878,61389604,61389604,61390336,61390336,61391064,831,725,726,732,3014
61603,-20.47,33.33,-51.09,26.42,31.85,-0.43,33.73,25.38,45.22,-7.98,-32.82,25.14,-0.85,3.66,40.13,25.47,-23.06,-35.70,-44.03,25.40,61603322,61604155,61604155,61604880,61604880,61605606,61605606,61606336,61606337,61607065,833,725,726,731,3015
61819,-15.62,36.53,-28.75,26.47,31.99,-1.02,33.05,25.41,44.99,-8.48,-32.50,25.18,-0.97,3.67,39.41,25.47,-23.08,-35.43,-44.27,25.42,61819322,61820152,61820153,61820878,61820879,61821604,61821604,61822335,61822335,61823063,831,726,725,731,3013
62035,-8.93,32.53,-14.73,26.52,31.68,-1.15,34.00,25.41,45.16,-8.32,-31.73,25.14,-0.59,3.84,39.84,25.47,-23.45,-35.38,-44.62,25.40,62035322,62036155,62036155,62036880,62036880,62037605,62037606,62038337,62038337,62039065,833,725,726,731,3015
62251,1.73,30.33,-0.97,26.54,31.74,-2.29,33.77,25.42,45.35,-8.81,-32.43,25.16,-0.83,3.85,40.09,25.50,-23.52,-35.41,-45.15,25.42,62251322,62252152,62252152,62252878,62252879,62253604,62253605,62254336,62254336,62255063,830,727,726,731,3014
62467,-14.68,19.09,-12.50,26.55,31.69,-2.28,33.99,25.40,46.38,-7.18,-31.58,25.15,-0.51,3.91,39.69,25.49,-24.39,-35.13,-45.36,25.42,62467322,62468155,62468155,62468880,62468880,62469605,62469606,62470337,62470337,62471065,833,725,726,731,3015
62683,-41.54,16.27,-26.31,26.53,31.76,-4.73,34.44,25.40,47.17,-7.10,-30.56,25.17,-0.21,3.82,39.52,25.49,-25.05,-34.54,-44.96,25.39,62683322,62684152,62684152,62684878,62684878,62685603,62685603,62686336,62686337,62687065,830,726,725,734,3015
62899,-45.43,27.35,-7.99,26.56,31.71,-4.39,33.96,25.41,47.65,-6.20,-29.71,25.12,0.74,3.78,40.24,25.48,-25.86,-33.77,-45.31,25.41,62899322,62900155,62900155,62900880,62900880,62901605,62901606,62902337,62902337,62903065,833,725,726,731,3015
63115,-30.11,-22.29,48.50,26.60,31.80,-4.71,34.55,25.43,48.13,-4.90,-29.17,25.14,1.22,3.51,39.71,25.48,-25.72,-33.67,-45.92,25.42,63115322,63116152,63116153,63116878,63116878,63117604,63117604,63118335,63118336,63119064,831,725,726,732,3014
63331,-43.06,-91.26,5.12,26.55,31.96,-4.85,33.77,25.40,48.01,-6.01,-30.10,25.16,1.45,3.68,39.35,25.47,-25.17,-33.12,-46.52,25.42,63331322,63332152,63332153,63332878,63332878,63333604,63333604,63334335,63334335,63335063,831,725,726,731,3013
63547,-79.69,-117.68,-9.35,26.59,31.85,-4.45,34.26,25.39,48.64,-4.46,-29.20,25.15,1.33,3.84,39.86,25.50,-25.61,-33.75,-45.14,25.43,63547322,63548140,63548140,63548865,63548865,63549591,63549592,63550327,63550327,63551054,818,725,727,735,3005
63763,-99.61,-116.26,-5.10,26.60,31.64,-4.46,33.92,25.41,48.21,-5.32,-29.29,25.15,1.55,3.64,39.18,25.49,-25.77,-33.38,-45.78,25.41,63763322,63764152,63764152,63764877,63764878,63765603,63765604,63766336,63766337,63767065,830,726,726,733,3015
63979,-92.30,-110.83,7.67,26.63,31.75,-4.54,33.86,25.39,47.67,-6.43,-29.46,25.14,1.70,3.55,39.26,25.46,-25.90,-33.67,-46.52,25.40,63979322,63980139,63980140,63980865,63980866,63981591,63981591,63982327,63982328,63983054,818,726,725,737,3006
64195,-89.48,-105.37,6.82,26.58,31.83,-4.51,33.74,25.40,47.41,-6.38,-30.44,25.12,1.56,3.73,39.48,25.47,-25.45,-34.09,-45.77,25.40,64195322,64196152,64196153,64196878,64196879,64197603,64197604,64198336,64198337,64199065,831,726,725,733,3015
64411,-91.25,-104.12,3.79,26.64,31.94,-4.43,34.66,25.39,47.57,-6.77,-30.75,25.15,1.73,3.74,40.07,25.50,-25.78,-33.39,-45.50,25.39,64411322,64412140,64412140,64412865,64412866,64413591,64413592,64414327,64414327,64415054,818,726,726,735,3005
64627,-89.91,-99.19,4.12,26.61,31.85,-4.36,33.36,25.40,47.63,-6.27,-29.95,25.20,1.49,3.73,39.94,25.47,-25.74,-33.62,-45.59,25.38,64627322,64628152,64628152,64628878,64628879,64629603,64629604,64630335,64630335,64631063,830,727,725,731,3013
64843,-80.79,-95.46,8.88,26.60,31.95,-4.09,33.69,25.39,47.36,-7.22,-30.12,25.18,1.48,3.79,40.07,25.47,-25.73,-33.61,-46.28,25.40,64843322,64844140,64844140,64844865,64844866,64845591,64845592,64846327,64846328,64847054,818,726,726,736,3006
65059,-71.85,-95.71,8.99,26.64,32.00,-4.07,34.61,25.40,47.46,-7.29,-30.76,25.13,1.62,3.60,39.71,25.47,-25.62,-33.71,-46.05,25.39,65059322,65060152,65060153,65060878,65060879,65061604,65061605,65062336,65062336,65063065,831,726,726,731,3014
65275,-62.05,-96.79,10.58,26.66,31.98,-4.10,34.59,25.38,47.13,-7.71,-30.56,25.17,1.44,3.70,39.82,25.47,-25.52,-33.65,-46.21,25.41,65275322,65276140,65276140,65276865,65276866,65277591,65277591,65278327,65278328,65279054,818,726,725,737,3006
65491,-44.48,-84.75,22.14,26.67,32.19,-3.78,33.79,25.40,46.94,-8.61,-30.96,25.16,1.82,3.41,40.35,25.50,-25.45,-33.70,-45.46,25.42,65491322,65492152,65492153,65492878,65492878,65493604,65493604,65494335,65494336,65495064,831,725,726,732,3014
65707,-29.23,-57.09,19.67,26.69,31.94,-4.11,34.09,25.36,46.58,-8.82,-30.97,25.17,1.71,3.57,40.04,25.47,-24.95,-33.67,-46.16,25.41,65707322,65708140,65708141,65708866,65708867,65709592,65709593,65710327,65710327,65711054,819,726,726,734,3005
65923,-15.92,-46.92,12.79,26.69,31.86,-4.04,34.58,25.37,46.29,-8.70,-30.48,25.16,1.98,3.26,40.02,25.47,-24.90,-33.96,-44.92,25.39,65923322,65924152,65924153,65924878,65924879,65925604,65925604,65926336,65926336,65927064,831,726,725,732,3014
66139,-21.28,-58.25,14.45,26.68,31.67,-4.31,34.24,25.37,46.14,-8.54,-30.98,25.16,1.72,3.47,39.97,25.50,-24.72,-34.21,-46.21,25.42,66139322,66140140,66140140,66140865,66140866,66141591,66141592,66142327,66142328,66143055,818,726,726,736,3006
66355,-9.88,-69.31,23.51,26.69,31.87,-3.68,34.04,25.37,46.21,-8.36,-30.54,25.13,1.52,3.45,39.83,25.48,-24.27,-34.47,-45.69,25.42,66355322,66356152,66356153,66356878,66356879,66357604,66357605,66358336,66358336,66359064,831,726,726,731,3014
66571,-20.54,-102.23,17.17,26.67,31.99,-3.14,33.75,25.39,46.24,-7.81,-31.60,25.17,1.38,3.65,39.56,25.48,-24.18,-34.36,-45.78,25.41,66571322,66572140,66572140,66572866,66572866,66573592,66573592,66574326,66574327,66575054,818,726,726,735,3005
66787,-30.01,22.71,51.85,26.70,31.62,-2.91,34.27,25.39,46.25,-7.80,-30.17,25.15,1.70,3.16,39.38,25.48,-23.87,-34.62,-46.12,25.40,66787322,66788152,66788153,66788878,66788878,66789604,66789604,66790335,66790336,66791063,831,725,726,732,3014
67003,-9.26,8.97,42.67,26.72,31.71,-2.83,33.36,25.40,46.62,-6.99,-29.98,25.14,1.38,3.27,39.74,25.48,-23.73,-35.17,-45.77,25.41,67003322,67004140,67004140,67004866,67004866,67005592,67005593,67006327,67006327,67007055,818,726,727,734,3005
67219,-2.63,39.73,15.92,26.70,31.90,-4.40,33.68,25.41,49.06,-1.59,-27.38,25.14,0.89,3.44,40.09,25.50,-22.86,-36.40,-44.77,25.40,67219322,67220152,67220153,67220878,67220878,67221603,67221604,67222336,67222337,67223065,831,725,726,733,3015
67435,-1.97,37.91,7.21,26.70,31.92,-5.09,33.32,25.42,49.46,0.05,-27.63,25.14,0.55,4.02,40.13,25.48,-21.78,-39.03,-43.74,25.42,67435322,67436152,67436153,67436878,67436879,67437604,67437605,67438336,67438336,67439064,831,726,726,731,3014
68431,-13.30,9.11,28.61,26.70,32.12,-8.20,32.49,25.42,47.31,2.51,-27.53,25.14,9.99,6.05,34.45,25.49,-27.87,-49.52,-35.94,25.41,68431334,68432135,68432136,68432861,68432862,68433587,68433588,68434320,68434320,68435045,802,726,726,732,2986
68647,-13.05,8.84,28.78,26.71,32.47,-8.39,32.37,25.41,47.50,2.37,-27.18,25.18,9.03,6.66,34.15,25.48,-28.52,-50.66,-34.03,25.45,68647322,68648140,68648140,68648866,68648867,68649592,68649593,68650327,68650327,68651055,818,727,726,734,3005
68863,-13.02,9.06,29.32,26.72,32.56,-8.35,32.62,25.38,47.51,2.39,-27.55,25.15,9.27,6.85,34.32,25.47,-28.43,-51.22,-35.07,25.42,68863322,68864152,68864153,68864878,68864879,68865604,68865604,68866336,68866337,68867065,831,726,725,733,3015
69079,-13.03,8.93,28.85,26.71,32.32,-8.46,32.83,25.39,47.43,2.86,-27.24,25.14,9.15,6.71,34.58,25.46,-28.64,-51.14,-34.29,25.42,69079322,69080140,69080140,69080866,69080867,69081592,69081593,69082327,69082328,69083055,818,727,726,735,3006
69295,-13.02,8.87,29.11,26.73,32.48,-8.69,32.84,25.40,47.31,2.82,-27.54,25.16,9.24,6.75,34.57,25.49,-28.62,-51.13,-34.07,25.42,69295322,69296152,69296153,69296878,69296878,69297604,69297604,69298335,69298336,69299064,831,725,726,732,3014
69511,-13.11,8.56,29.11,26.70,32.27,-8.58,32.35,25.39,47.31,2.47,-27.04,25.13,8.97,6.59,34.19,25.49,-28.52,-51.56,-34.25,25.39,69511322,69512140,69512140,69512866,69512866,69513592,69513592,69514328,69514328,69515054,818,726,726,736,3006
69727,-13.11,9.01,29.30,26.73,32.33,-8.54,32.60,25.40,47.47,2.40,-27.70,25.12,9.03,6.85,34.23,25.47,-28.29,-51.29,-34.92,25.39,69727322,69728152,69728153,69728878,69728878,69729604,69729605,69730336,69730336,69731063,831,725,727,731,3014
69943,-13.35,8.90,28.97,26.71,32.69,-8.75,32.42,25.40,47.45,2.58,-27.17,25.17,8.95,6.80,35.01,25.50,-28.16,-51.27,-33.68,25.42,69943322,69944140,69944140,69944866,69944866,69945592,69945592,69946327,69946328,69947055,818,726,726,736,3006
70159,-13.32,8.43,28.91,26.69,32.78,-8.68,32.39,25.40,47.42,2.80,-27.09,25.15,9.21,6.98,34.15,25.52,-28.41,-51.65,-33.46,25.43,70159322,70160152,70160153,70160878,70160879,70161604,70161605,70162335,70162336,70163064,831,726,726,731,3014
70375,-13.10,8.82,28.53,26.72,32.57,-8.76,31.94,25.39,47.57,2.84,-27.09,25.18,9.04,6.86,34.56,25.51,-28.47,-51.37,-34.28,25.41,70375322,70376140,70376140,70376866,70376867,70377592,70377592,70378326,70378327,70379054,818,727,725,735,3005
70591,-13.26,8.92,29.21,26.76,32.41,-8.56,32.62,25.38,47.45,2.83,-27.11,25.17,9.26,6.72,33.59,25.48,-28.82,-51.49,-33.39,25.40,70591322,70592152,70592153,70592878,70592879,70593604,70593604,70594336,70594336,70595065,831,726,725,732,3014
70807,-12.99,8.43,28.67,26.74,32.52,-8.49,32.51,25.40,47.68,2.42,-27.06,25.13,9.29,7.06,34.12,25.49,-28.51,-51.53,-32.79,25.40,70807322,70808140,70808141,70808866,70808866,70809592,70809592,70810327,70810328,70811054,819,725,726,736,3006
71023,-12.93,8.53,28.82,26.76,32.76,-8.78,32.04,25.37,47.35,2.52,-26.93,25.19,8.87,6.94,34.47,25.54,-28.60,-51.71,-33.38,25.43,71023322,71024152,71024153,71024878,71024878,71025604,71025605,71026335,71026336,71027064,831,725,727,731,3014
71239,-12.94,8.74,29.20,26.72,32.48,-8.37,32.40,25.37,47.48,2.61,-27.59,25.16,8.97,7.48,34.19,25.50,-28.55,-51.27,-33.28,25.42,71239322,71240140,71240140,71240866,71240867,71241592,71241593,71242327,71242327,71243055,818,727,726,734,3005
71455,-13.05,8.70,28.73,26.74,32.21,-8.65,31.57,25.36,47.34,2.69,-27.33,25.19,8.99,7.44,33.63,25.47,-28.56,-51.60,-33.42,25.40,71455322,71456152,71456153,71456878,71456879,71457604,71457604,71458336,71458337,71459065,831,726,725,733,3015
71671,-13.18,8.50,28.95,26.72,32.80,-8.51,31.92,25.40,47.55,2.32,-27.17,25.18,9.18,7.45,33.66,25.48,-28.50,-51.72,-33.01,25.39,71671322,71672140,71672140,71672866,71672867,71673592,71673593,71674327,71674327,71675054,818,727,726,734,3005
71887,-13.19,8.66,29.81,26.74,32.44,-8.67,31.81,25.37,47.81,2.46,-27.38,25.16,9.32,6.99,34.68,25.45,-28.69,-51.52,-33.81,25.43,71887322,71888152,71888153,71888878,71888879,71889604,71889604,71890335,71890336,71891064,831,726,725,732,3014
72103,-13.19,8.36,29.09,26.72,32.51,-8.50,31.90,25.40,47.68,2.48,-27.32,25.18,9.07,6.85,34.26,25.47,-28.27,-51.59,-32.97,25.43,72103322,72104140,72104141,72104866,72104866,72105592,72105592,72106328,72106328,72107054,819,725,726,736,3006
72319,-13.11,8.73,28.78,26.72,32.63,-8.78,31.66,25.39,47.73,2.76,-26.43,25.17,8.99,7.28,34.65,25.51,-28.56,-51.66,-32.99,25.40,72319322,72320152,72320153,72320878,72320879,72321604,72321605,72322335,72322336,72323063,831,726,726,731,3014
72535,-12.98,8.70,28.86,26.73,32.57,-8.33,31.71,25.44,47.35,2.43,-26.92,25.15,9.35,7.07,33.95,25.46,-28.61,-51.58,-32.80,25.38,72535322,72536140,72536140,72536866,72536866,72537592,72537592,72538327,72538328,72539054,818,726,726,736,3006
72751,-13.33,8.24,29.23,26.72,32.64,-8.62,32.66,25.42,47.60,2.76,-27.24,25.16,8.83,6.92,34.53,25.50,-28.57,-51.64,-33.30,25.42,72751322,72752152,72752153,72752878,72752878,72753604,72753604,72754335,72754336,72755064,831,725,726,732,3014
72967,-12.90,8.66,28.91,26.74,32.45,-8.65,32.54,25.39,47.43,2.57,-27.07,25.18,9.13,6.71,34.56,25.50,-28.52,-51.69,-33.11,25.40,72967322,72968140,72968140,72968866,72968867,72969592,72969593,72970327,72970327,72971054,818,727,726,734,3005
73183,-13.15,8.37,29.16,26.73,32.44,-8.63,33.08,25.38,47.48,2.54,-27.45,25.18,8.71,6.68,34.59,25.50,-28.81,-51.52,-32.73,25.43,73183322,73184152,73184153,73184878,73184878,73185604,73185605,73186336,73186336,73187064,831,725,727,731,3014
73399,-13.21,8.57,29.14,26.73,32.80,-8.55,32.90,25.42,47.28,2.74,-27.10,25.14,8.94,7.08,34.25,25.50,-28.17,-51.54,-33.32,25.41,73399322,73400140,73400140,73400866,73400867,73401592,73401593,73402327,73402327,73403055,818,727,726,734,3005
73615,-13.13,8.46,28.46,26.72,32.59,-8.54,32.41,25.40,47.59,2.81,-27.60,25.18,8.98,7.14,34.13,25.50,-28.35,-51.72,-33.22,25.39,73615322,73616152,73616153,73616878,73616879,73617604,73617604,73618336,73618336,73619064,831,726,725,732,3014
73831,-13.01,8.47,28.78,26.73,32.58,-8.50,32.47,25.37,47.75,2.94,-27.40,25.18,8.50,6.84,33.88,25.49,-28.57,-51.74,-32.48,25.41,73831322,73832140,73832140,73832866,73832867,73833592,73833593,73834327,73834327,73835055,818,727,726,734,3005
